_id,Location,Content
65e2065c9a0c842d32116f94,https://www.reddit.com/r/poland/comments/1ax4w6t/maria_sk%C5%82odowskacurie_according_to_googles_gemini/,Maria Sk≈Çodowska-Curie according to Google's Gemini AI
65e2065c9a0c842d32116f95,https://www.reddit.com/r/ArtificialInteligence/comments/1awis1r/google_gemini_aiimage_generator_refuses_to/,Google Gemini AI-image generator refuses to generate images of white people and purposefully alters history to fake diversity
65e2065c9a0c842d32116f96,https://www.reddit.com/r/GoogleGeminiAI/comments/1awhc3p/i_use_googlegeminiai/,I use GoogleGeminiAI
65e2065c9a0c842d32116f97,https://www.reddit.com/r/MachineLearning/comments/18fbc04/d_is_google_gemini_the_real_deal_or_a_publicity/,[D] Is Google Gemini the real deal or a publicity stunt?
65e2065c9a0c842d32116f98,https://www.reddit.com/r/soccercirclejerk/comments/1axyjcc/outjerked_by_woke_google_gemini_ai/,outjerked by woke google gemini ai
65e2065c9a0c842d32116f99,https://www.reddit.com/r/technology/comments/1ax4b7e/google_suspends_gemini_from_making_ai_images_of/,Google suspends Gemini from making AI images of people after a backlash complaining it was 'woke'
65e2065c9a0c842d32116f9a,https://www.reddit.com/r/nottheonion/comments/1awojxj/google_apologizes_after_new_gemini_ai_refuses_to/,"Google apologizes after new Gemini AI refuses to show pictures, achievements of White people"
65e2065c9a0c842d32116f9b,https://www.reddit.com/r/BattlefieldV/comments/1awzyur/google_gemini_ai_image_generator_reminded_me_of/,Google Gemini AI image generator reminded me of BFV ü§£
65e2065c9a0c842d32116f9c,https://www.reddit.com/r/islam/comments/1arlnhg/not_surprising_but_googles_gemini_ai_has_a/,Not surprising but Google's Gemini AI has a pro-Israel bias
65e2065c9a0c842d32116f9d,https://www.reddit.com/r/google/comments/1an88oo/googles_gemini_assistant_is_a_fantastic_and/,Google‚Äôs Gemini assistant is a fantastic and frustrating glimpse of the AI future
65e2065c9a0c842d32116f9e,https://www.reddit.com/r/technology/comments/18dokuq/google_admits_that_a_gemini_ai_demo_video_was/,Google admits that a Gemini AI demo video was staged
65e2065c9a0c842d32116f9f,https://www.reddit.com/r/google/comments/1axn2gi/100_honest_take_on_google_gemini/,100% Honest Take on Google Gemini
65e2065c9a0c842d32116fa0,https://www.reddit.com/r/walkaway/comments/1axdiuq/this_is_the_head_of_googles_gemini_ai_technology/,This is the Head of Google's Gemini AI Technology
65e2065c9a0c842d32116fa1,https://www.reddit.com/r/stocks/comments/15q68gt/googlealphabet_will_release_gemini_ai_later_this/,Google/Alphabet will release Gemini AI later this year. Probably way more powerful than GPT-4. Time to buy?
65e2065c9a0c842d32116fa2,https://www.reddit.com/r/Conservative/comments/1ay7c18/googles_gemini_ai_i_cant_say_pedophilia_is_wrong/,"Google's Gemini AI: I Can't Say Pedophilia is ""Wrong."" It's a ""Nuanced"" Question."
65e2065c9a0c842d32116fa3,https://www.reddit.com/r/stocks/comments/18e70nt/googles_gemini_ai_demo_was_partly_fabricated/,Google's Gemini AI Demo was Partly Fabricated
65e2065c9a0c842d32116fa4,https://www.reddit.com/r/golang/comments/18mp889/using_googles_geminiai_with_golang/,Using Google's Gemini-AI with GoLang
65e2065c9a0c842d32116fa5,https://www.reddit.com/r/Conservative/comments/1awp5dd/google_apologizes_after_new_gemini_ai_refuses_to/,"Google apologizes after new Gemini AI refuses to show pictures, achievements of White people"
65e2065c9a0c842d32116fa6,https://www.reddit.com/r/mildlyinfuriating/comments/1axs4b3/googles_gemini_ai_is_dumb/,Google's Gemini AI is dumb
65e2065c9a0c842d32116fa7,https://www.reddit.com/r/stocks/comments/1alyebr/google_rebrands_bard_ai_to_gemini_and_launches_a/,Google rebrands Bard AI to Gemini and launches a new app and subscription
65e2065c9a0c842d32116fa8,https://www.reddit.com/r/singularity/comments/15q37nw/googles_gemini_is_so_powerful_that_openai/,Google's Gemini is so powerful that OpenAI probably won't release GPT-5 until late 2025
65e2065c9a0c842d32116fa9,https://www.reddit.com/r/singularity/comments/16j5dpo/paywall_google_nears_release_of_gemini_ai_to/,[Paywall] Google Nears Release of Gemini AI to Challenge OpenAI
65e2065c9a0c842d32116faa,https://www.reddit.com/r/ArtificialInteligence/comments/18hezt0/finding_ways_to_access_googles_gemini_my_thoughts/,Finding Ways to Access Google's Gemini: My Thoughts
65e2065c9a0c842d32116fab,https://www.reddit.com/r/dataisbeautiful/comments/1acdkkw/is_googles_gemini_pro_ai_model_available_in_your/,Is Google's Gemini Pro AI model available in your country? [OC]
65e2065c9a0c842d32116fac,https://www.reddit.com/r/google/comments/18jctnh/i_took_gemini_pro_and_pro_vision_for_a_spin_in/,I took Gemini Pro and Pro Vision for a spin in the Google AI Studio
65e2065c9a0c842d32116fad,https://www.reddit.com/r/ChatGPT/comments/18cudcn/google_drops_gemini_to_end_chatgpts_reign_who/,Google drops Gemini to end ChatGPT's reign. Who will win this AI-war?
65e2065c9a0c842d32116fae,https://www.reddit.com/r/pixel_phones/comments/1amik4l/images_i_generated_using_google_gemini_ai/,Images I generated using Google Gemini AI
65e2065c9a0c842d32116faf,https://www.reddit.com/r/google/comments/1am8wnr/the_verge_googles_gemini_ai_now_has_a_new_app_and/,The Verge: Google‚Äôs Gemini AI now has a new app and works across Google products.
65e2065c9a0c842d32116fb0,https://www.reddit.com/r/vexillologycirclejerk/comments/1awrdsb/yugoslav_flag_according_to_googles_gemini_ai/,"Yugoslav flag, according to Google's Gemini AI"
65e2065c9a0c842d32116fb1,https://www.reddit.com/r/GooglePixel/comments/1alvjnz/gemini_app_brings_google_ai_to_android_and_iphone/,"Gemini app brings Google AI to Android and iPhone, rolling out now"
65e2065c9a0c842d32116fb2,https://www.reddit.com/r/Conservative/comments/1ax6fon/googles_ai_chatbot_gemini_makes_diverse_images_of/,"Google's AI chatbot Gemini makes 'diverse' images of founding fathers, popes and vikings: 'So woke it's unusable'"
65e2065c9a0c842d32116fb3,https://www.reddit.com/r/googlehome/comments/1axm43c/gemini_ai/,Gemini AI
65e2065c9a0c842d32116fb4,https://www.reddit.com/r/technology/comments/18dpiw7/google_admits_the_gemini_ai_demo_handson_video/,Google admits the Gemini AI demo hands-on video was staged
65e2065c9a0c842d32116fb5,https://www.reddit.com/r/Bard/comments/1ax3gmh/google_pauses_geminis_ability_to_generate_ai/,Google pauses Gemini‚Äôs ability to generate AI images of people after diversity errors
65e2065c9a0c842d32116fb6,https://www.reddit.com/r/conspiracy_commons/comments/1aww457/shock_google_ai_gemini_refuses_to_make_images_of/,"SHOCK: Google AI ""Gemini"" REFUSES To Make Images Of White People ... This Is DIGITAL GENOCIDE"
65e2065c9a0c842d32116fb7,https://www.reddit.com/r/Bard/comments/1anjpz0/what_do_you_think_about_new_google_gemini/,What do you think about new Google Gemini?
65e2065c9a0c842d32116fb8,https://www.reddit.com/r/physicsmemes/comments/1axw992/google_gemini_text_to_image_ai_meme/,google gemini text to image ai meme
65e2065c9a0c842d32116fb9,https://www.reddit.com/r/google/comments/1axsnbt/gemini_ai_is_so_bad_cant_send_texts_either/,Gemini AI is so bad ü§£ Can't send texts either
65e2065c9a0c842d32116fba,https://www.reddit.com/r/france/comments/1ax5sfu/la_genai_gemini_de_google_prise_au_pi%C3%A8ge_de_la/,La GenAI Gemini de Google prise au pi√®ge de la diversit√©
65e2065c9a0c842d32116fbb,https://www.reddit.com/r/singularity/comments/18av61j/the_information_briefing_google_preps_public/,(The Information) Briefing: Google Preps Public Preview of Gemini AI After Postponing In-Person Events
65e2065c9a0c842d32116fbc,https://www.reddit.com/r/GoogleGeminiAI/comments/17qgsw2/google_gemini_ai_everything_we_know_so_far_google/,Google Gemini AI: Everything We Know So Far Google Gemini AI: Everything We Know
65e2065c9a0c842d32116fbd,https://www.reddit.com/r/OpenAI/comments/18dsaah/google_admits_that_a_gemini_ai_demo_video_was/,Google admits that a Gemini AI demo video was staged
65e2065c9a0c842d32116fbe,https://www.reddit.com/r/GooglePixel/comments/18c65vg/googles_gemini_ai_model_is_coming_to_the_pixel_8/,Google‚Äôs Gemini AI model is coming to the Pixel 8 Pro ‚Äî and eventually to Android
65e2065c9a0c842d32116fbf,https://www.reddit.com/r/uird/comments/18l0afw/google_gemini_ai/,Google Gemini Ai
65e2065c9a0c842d32116fc0,https://www.reddit.com/r/OpenAI/comments/1awz9pd/personal_theory_on_why_googles_gemini_is/,Personal theory on why Google‚Äôs Gemini is producing biased images
65e2065c9a0c842d32116fc1,https://www.reddit.com/r/technology/comments/18c68ip/google_launches_gemini_the_ai_model_it_hopes_will/,"Google launches Gemini, the AI model it hopes will take down GPT-4"
65e2065c9a0c842d32116fc2,https://www.reddit.com/r/google/comments/18c9jc0/google_gemini_multimodal_demo_is_incredible/,Google Gemini Multimodal demo is incredible
65e2065c9a0c842d32116fc3,https://www.reddit.com/r/sejinai/comments/1alxesj/google_gemini_ai_image_generator/,Google Gemini AI Image Generator
65e2065c9a0c842d32116fc4,https://www.reddit.com/r/singularity/comments/18c5xnp/introducing_gemini_our_largest_and_most_capable/,Introducing Gemini: our largest and most capable AI model
65e2065c9a0c842d32116fc5,https://www.reddit.com/r/racismdiscussion/comments/1aye1vr/google_gemini_ai_questions_about_racism/,Google Gemini AI questions about racism.
65e2065c9a0c842d32116fc6,https://www.reddit.com/r/ChatGPTCoding/comments/1ayfh52/gemini_advanced_paid_version_of_google_new_ai/,Gemini Advanced (paid version of Google new AI model Gemini) is totally useless for programming. Can't answer any of my real life programming questions. GPT-4 works as expected.
65e2065c9a0c842d32116fc7,https://www.reddit.com/r/ppcland/comments/18cew7d/google_gemini_ai/,Google Gemini AI
65e2065c9a0c842d32116fc8,https://www.reddit.com/r/ppcland/comments/18d6bc6/google_gemini_ai/,Google Gemini AI
65e2065c9a0c842d32116fc9,https://www.reddit.com/r/Python/comments/18wshab/build_amazing_ai_projects_with_googles_gemini/,Build amazing AI projects with Google‚Äôs Gemini models and Python
65e2065c9a0c842d32116fca,https://www.reddit.com/r/technews/comments/18cesd7/google_launches_its_largest_and_most_capable_ai/,"Google launches its largest and ‚Äòmost capable‚Äô AI model, Gemini"
65e2065c9a0c842d32116fcb,https://www.reddit.com/r/ChatGPTJailbreak/comments/18ckogq/google_just_released_their_latest_ai_model_gemini/,Google just released their latest AI model ‚ÄúGemini‚Äù and it‚Äôs mind-blowing! ü§Øü§Øü§Ø
65e2065c9a0c842d32116fcc,https://www.reddit.com/r/google/comments/18c9dyz/httpsbloggoogletechnologyaigooglegeminiai/,https://blog.google/technology/ai/google-gemini-ai/
65e2065c9a0c842d32116fcd,https://www.reddit.com/r/googlehome/comments/1amhs3q/google_gemini/,Google Gemini
65e2065c9a0c842d32116fce,https://www.reddit.com/r/midjourney/comments/1axjpxq/an_ai_talks_about_google_gemini_ais_diversity/,An AI talks about Google Gemini AI's Diversity Drama..
65e2065c9a0c842d32116fcf,https://www.reddit.com/r/OpenAI/comments/18hesyf/finding_ways_to_access_googles_gemini_in_europe/,Finding Ways to Access Google's Gemini in Europe: My Thoughts
65e2065c9a0c842d32116fd0,https://www.reddit.com/r/generativeAI/comments/18c9awr/httpsbloggoogletechnologyaigooglegeminiai/,https://blog.google/technology/ai/google-gemini-ai/
65e2065c9a0c842d32116fd1,https://www.reddit.com/r/tron/comments/1awjoy6/ai_generated_tron_images_google_gemini/,A.I. Generated Tron images - Google Gemini
65e2065c9a0c842d32116fd2,https://www.reddit.com/r/StableDiffusion/comments/1axjnta/an_ai_talks_about_googles_gemini_ai_diversity/,An AI Talks about Google's Gemini AI Diversity Drama...
65e2065c9a0c842d32116fd3,https://www.reddit.com/r/googlehome/comments/1as7tt1/ugh_introducing_gemini_15_googles_nextgeneration/,"(Ugh) Introducing Gemini 1.5, Google's next-generation AI model"
65e2065c9a0c842d32116fd4,https://www.reddit.com/r/ChatPDFAI/comments/19ezbcg/google_gemini_ai_how_to_use_gemini_ai_with_bard/,Google Gemini AI: How to Use Gemini AI with Bard Chatbot (vs GPT4)
65e2065c9a0c842d32116fd5,https://www.reddit.com/r/rstats/comments/18i9kif/integrating_googles_gemini_ai_model_into_r/,Integrating Google's Gemini AI Model into R
65e2065c9a0c842d32116fd6,https://www.reddit.com/r/google/comments/18docir/googles_gemini_ai_is_already_closing_in_on/,Google's Gemini AI is already closing in on Microsoft-backed ChatGPT
65e2065c9a0c842d32116fd7,https://www.reddit.com/r/ArtificialInteligence/comments/18ccczr/googles_gemini_enters_the_ai_arena_ready_to_take/,Google's Gemini Enters the AI Arena: Ready to Take on OpenAI?
65e2065c9a0c842d32116fd8,https://www.reddit.com/r/Bard/comments/1awf22d/gemini_rolling_out_to_gmail_docs_and_more_with/,"Gemini rolling out to Gmail, Docs, and more with Google One AI Premium"
65e2065c9a0c842d32116fd9,https://www.reddit.com/r/Android/comments/1alv9of/gemini_advanced_get_access_to_googles_most/,"‚ÄéGemini Advanced - get access to Google‚Äôs most capable AI model, Ultra 1.0"
65e2065c9a0c842d32116fda,https://www.reddit.com/r/mormon/comments/1axv8x7/gemini_ai_googles_ai_seems_to_hate_mormons/,Gemini AI (google's AI) seems to hate Mormons
65e2065c9a0c842d32116fdb,https://www.reddit.com/r/OpenAI/comments/1aqetbx/should_i_use_google_gemini_or_gpt_which_one_is/,Should I use Google Gemini or GPT? Which one is better?
65e2065c9a0c842d32116fdc,https://www.reddit.com/r/ChatGPT/comments/18hsehp/google_gemini_ai_api_vertex_ai/,Google Gemini AI API | Vertex AI
65e2065c9a0c842d32116fdd,https://www.reddit.com/r/Bard/comments/1ap4782/gemini_advanced_is_shockingly_the_worst_ai_ive/,Gemini Advanced is shockingly the worst AI I've ever seen in my life.
65e2065c9a0c842d32116fde,https://www.reddit.com/r/technologywev/comments/1an1jhx/googles_gemini_ai_a_new_dawn_in_conversational_ai/,Google's Gemini AI: A New Dawn in Conversational AI
65e2065c9a0c842d32116fdf,https://www.reddit.com/r/PHP/comments/18lw20m/generative_ai_php_client_library_for_googles/,Generative AI PHP Client library (for Google's Gemini Pro)
65e2065c9a0c842d32116fe0,https://www.reddit.com/r/tech_society/comments/18gtjbh/googles_gemini_ai_wows/,Google's Gemini AI wows
65e2065c9a0c842d32116fe1,https://www.reddit.com/r/sysadmin/comments/18d4cwl/share_your_thoughts_on_googles_new_gemini_ai/,Share your thoughts on Google's new Gemini AI
65e2065c9a0c842d32116fe2,https://www.reddit.com/r/AIVoiceMemes/comments/1axjko8/googles_gemini_ai_drama_is_diversity_gone_mad/,Google's Gemini AI Drama is Diversity Gone Mad...
65e2065c9a0c842d32116fe3,https://www.reddit.com/r/Oppo/comments/1avcoz8/new_gemini_ai_replacing_google_assistant/,New Gemini AI replacing Google assistant
65e2065c9a0c842d32116fe4,https://www.reddit.com/r/GeminiAI/comments/18dcf9p/how_to_use_google_gemini_ai_in_bard_google_gemini/,How to Use Google Gemini AI in Bard - Google Gemini Tutorial
65e2065c9a0c842d32116fe5,https://www.reddit.com/r/OpenAI/comments/1ayfhxk/gemini_advanced_paid_version_of_google_new_ai/,Gemini Advanced (paid version of Google new AI model Gemini) is totally useless for programming. Can't answer any of my real life programming questions. GPT-4 works as expected.
65e2065c9a0c842d32116fe6,https://www.reddit.com/r/tech_diary/comments/18iv7ri/what_is_googles_gemini_ai/,What is Google's Gemini AI?
65e2065c9a0c842d32116fe7,https://www.reddit.com/r/singularity/comments/14bnzjc/realistically_what_can_we_expect_from_google/,realistically what can we expect from google gemini and Deepmind?
65e2065c9a0c842d32116fe8,https://www.reddit.com/r/Bard/comments/18dj7my/how_to_use_google_gemini_ai_in_bard_google_gemini/,How to Use Google Gemini AI in Bard - Google Gemini Tutorial
65e2065c9a0c842d32116fe9,https://www.reddit.com/r/artificial/comments/18c7nxz/demo_googles_new_multimodal_ai_called_gemini/,"DEMO: Google's new multi-modal AI called ""Gemini"""
65e2065c9a0c842d32116fea,https://www.reddit.com/r/conspiracy/comments/1ay92a6/even_googles_gemini_ai_knows_obama_is_the_shadow/,Even Googles Gemini AI knows Obama is the Shadow President.
65e2065c9a0c842d32116feb,https://www.reddit.com/r/Android/comments/18c6d9i/googles_gemini_ai_model_is_coming_to_the_pixel_8/,Google‚Äôs Gemini AI model is coming to the Pixel 8 Pro ‚Äî and eventually to Android
65e2065c9a0c842d32116fec,https://www.reddit.com/r/AI_Artz/comments/1auub1d/what_are_some_alternatives_to_googles_gemini_ai/,What are some alternatives to Google's Gemini AI?
65e2065c9a0c842d32116fed,https://www.reddit.com/r/GameTheorists/comments/1aphj4u/gemini_googles_ai_suggested_this_prompt_i_found/,"Gemini, Google's AI, suggested this prompt. I found it wholesome considering everything that's happening."
65e2065c9a0c842d32116fee,https://www.reddit.com/r/technology/comments/18gwwq1/google_admits_gemini_ai_demo_was_at_least/,Google Admits Gemini AI Demo Was at Least Partially Faked
65e2065c9a0c842d32116fef,https://www.reddit.com/r/ChatGPT/comments/18c9gtf/google_gemini_multimodal_demo_this_is_incredible/,"Google Gemini MultiModal Demo. this is INCREDIBLE, especially as it progresses"
65e2065c9a0c842d32116ff0,https://www.reddit.com/r/Bard/comments/1aqxbpi/telegram_bot_to_chat_with_google_gemini_ai_chatbot/,Telegram bot to chat with Google Gemini AI chatbot
65e2065c9a0c842d32116ff1,https://www.reddit.com/r/AndroidQuestions/comments/1aut3gb/gemini_ai_vs_assistant_for_google_lens/,Gemini ai vs assistant for google lens
65e2065c9a0c842d32116ff2,https://www.reddit.com/r/censoredreality/comments/1ayac2o/this_is_the_head_of_googles_gemini_ai_technology/,This is the Head of Google's Gemini AI Technology
65e2065c9a0c842d32116ff3,https://www.reddit.com/r/GoogleGeminiAI/comments/1ax3a4m/google_debuts_gemini_ai_for_enterprise_tools/,Google debuts Gemini AI for enterprise tools
65e2065c9a0c842d32116ff4,https://www.reddit.com/r/edai/comments/1amro2b/googles_gemini_ai_full_breakdown_technical_report/,Googles GEMINI AI: Full Breakdown + Technical Report
65e2065c9a0c842d32116ff5,https://www.reddit.com/r/Bard/comments/1alw1cs/google_one_family_plan_owner_upgraded_but_no/,Google One family plan owner upgraded - but no Gemini Advanced features usable yet
65e2065c9a0c842d32116ff6,https://www.reddit.com/r/GoogleGeminiAI/comments/1aqxdnz/telegram_bot_to_chat_with_google_gemini_ai_chatbot/,Telegram bot to chat with Google Gemini AI chatbot
65e2065c9a0c842d32116ff7,https://www.reddit.com/r/growthguide/comments/18crc12/google_launches_gemini_ai_worlds_1st_multimodal_ai/,Google Launches Gemini AI - World's 1st Multimodal AI
65e2065c9a0c842d32116ff8,https://www.reddit.com/r/AI_Artz/comments/1acgfzo/google_gemini_ai_powerhouse_performance_vs_chatgpt/,Google Gemini AI Powerhouse Performance vs ChatGPT
65e2065c9a0c842d32116ff9,https://www.reddit.com/r/singularity/comments/13dy9oz/googles_gemini_is_all_set_to_be_its_first/,Google's Gemini is all set to be it's first candidate for AGI.
65e2065c9a0c842d32116ffa,https://www.reddit.com/r/TelegramBots/comments/1aqx438/telegram_bot_to_chat_with_google_gemini_ai_chatbot/,Telegram bot to chat with Google Gemini AI chatbot
65e2065c9a0c842d32116ffb,https://www.reddit.com/r/singularity/comments/16kfc7s/brian_roemmele_i_have_been_testing_a_version_of/,"Brian Roemmele: ""I have been testing a version of Google‚Äôs Gemini and find it very interesting. It is equivalent to ChatGPT-4 but with newly up to the second knowledge base. """
65e2065c9a0c842d32116ffc,https://www.reddit.com/r/grafa/comments/18d5bso/community_debates_googles_gemini_ai_vs_openais/,Community debates Google's Gemini AI vs OpenAI's GPT-4 #News #Google #AI #Grafa
65e2065c9a0c842d32116ffd,https://www.reddit.com/r/ArtificialInteligence/comments/18crdag/google_launches_gemini_ai_worlds_1st_multimodal_ai/,Google Launches Gemini AI - World's 1st Multimodal AI
65e2065c9a0c842d32116ffe,https://www.reddit.com/r/smartsummary/comments/18r442b/googles_gemini_ai_the_universal_ai_competing_with/,Google's Gemini AI: The Universal AI Competing with ChatGPT
65e2065c9a0c842d32116fff,https://www.reddit.com/r/Google_Gemini/comments/18f55th/googles_new_ai_gemini_outperforms_gpt4_and_human/,Google's New AI Gemini Outperforms GPT-4 and Human Experts Across 57 Subjects | AI Tech Report
65e2065c9a0c842d32117000,https://www.reddit.com/r/Google_Gemini/comments/18dcep5/how_to_use_google_gemini_ai_in_bard_gemini/,How to Use Google Gemini AI in Bard - Gemini Tutorial
65e2065c9a0c842d32117001,https://www.reddit.com/r/ChatGPT/comments/1arap9w/is_anyone_else_very_disappointed_with_googles/,Is anyone else very disappointed with Google's Gemini?
65e2065c9a0c842d32117002,https://www.reddit.com/r/GoogleGeminiAI/comments/18dcf00/how_to_use_google_gemini_ai_in_bard_gemini/,How to Use Google Gemini AI in Bard - Gemini Tutorial
65e2065c9a0c842d32117003,https://www.reddit.com/r/GeminiAI/comments/18cajhu/gemini_googles_newest_and_most_capable_ai_model/,Gemini: Google‚Äôs newest and most capable AI model
65e2065c9a0c842d32117004,https://www.reddit.com/r/SideProject/comments/1ardsug/i_developed_telegram_bot_to_chat_with_google/,I Developed Telegram bot to chat with Google Gemini AI chatbot
65e2065c9a0c842d32117005,https://www.reddit.com/r/sciencefiction/comments/18po1l0/googles_gemini_ai_bringing_her_jarvis_to_life/,Google's Gemini AI: Bringing 'Her' & 'JARVIS' To Life?
65e2065c9a0c842d32117006,https://www.reddit.com/r/GeminiAI/comments/18d400y/all_know_about_to_google_gemini_ai/,All Know About to Google Gemini AI
65e2065c9a0c842d32117007,https://www.reddit.com/r/singularity/comments/13glqap/googles_project_gemini_how_good_could_it_be/,Google's project Gemini. How good could it be?
65e2065c9a0c842d32117008,https://www.reddit.com/r/swift/comments/1as1af2/swift_winrt_winui_3_google_gemini_ai_chat_app/,Swift WinRT & WinUI 3 Google Gemini AI Chat App Short Demo | Google Generative AI
65e2065c9a0c842d32117009,https://www.reddit.com/r/googlecloud/comments/18c83wa/google_just_released_gemini_available_in_vertex/,"Google just released Gemini üß†, available in Vertex AI starting December 13"
65e2065c9a0c842d3211700a,https://www.reddit.com/r/1ATHStudio/comments/18fs54x/googles_gemini_ai_demo_accused_of_being_fake/,Google's Gemini AI Demo Accused of Being ‚ÄòFake‚Äô
65e2065c9a0c842d3211700b,https://www.reddit.com/r/ChatGPTCoding/comments/18dt82p/google_says_its_gemini_ai_outperforms_both_gpt4/,Google says its Gemini AI outperforms both GPT-4 and expert humans
65e2065c9a0c842d3211700c,https://www.reddit.com/r/programming/comments/1as1aoj/swift_winrt_winui_3_google_gemini_ai_chat_app/,Swift WinRT & WinUI 3 Google Gemini AI Chat App Short Demo | Google Generative AI
65e2065c9a0c842d3211700d,https://www.reddit.com/r/ChatGPTPro/comments/1ayfgxg/gemini_advanced_paid_version_of_google_new_ai/,Gemini Advanced (paid version of Google new AI model Gemini) is totally useless for programming. Can't answer any of my real life programming questions. GPT-4 works as expected.
65e2065c9a0c842d3211700e,https://www.reddit.com/r/technology/comments/189xtza/google_has_quietly_pushed_back_the_launch_of/,"Google has quietly pushed back the launch of next-gen AI model Gemini until next year, report says"
65e2065c9a0c842d3211700f,https://www.reddit.com/r/Bard/comments/1aqe7gc/should_i_use_google_gemini_or_gpt_which_one_is/,Should I use Google Gemini or GPT? Which one is better?
65e2065c9a0c842d32117010,https://www.reddit.com/r/worldntech/comments/1axkl2c/inaccuracies_force_google_gemini_ai_suspend/,Inaccuracies Force Google Gemini AI Suspend Generation of Images of People
65e2065c9a0c842d32117011,https://www.reddit.com/r/uird/comments/18jwbry/know_every_thing_about_google_gemini_ai/,Know every thing about Google Gemini Ai .
65e2065c9a0c842d32117012,https://www.reddit.com/r/TheDecoder/comments/1680cfl/googles_nextgeneration_ai_model_gemini_to_launch/,"Google's next-generation AI model ""Gemini"" to launch this fall"
65e2065c9a0c842d32117013,https://www.reddit.com/r/aistocknews/comments/18eueit/google_gemini_ai_will_change_stock_trading_forever/,Google Gemini AI Will Change Stock Trading Forever
65e2065c9a0c842d32117014,https://www.reddit.com/r/holyshit/comments/1awyqzq/google_hates_white_people_new_google_gemini_ai/,"Google HATES WHITE PEOPLE, New Google Gemini AI REFUSES To Make Pictures Of White People"
65e2065c9a0c842d32117015,https://www.reddit.com/r/Destiny/comments/1ayldar/lmao_googles_gemini_ai_refuses_to_generate_white/,"lmao Google's Gemini AI refuses to generate white people, I mean, here is what I get when I try and generate Destiny"
65e2065c9a0c842d32117016,https://www.reddit.com/r/truthpuke/comments/1awhqrx/googles_gemini_ai_blasted_for_eliminating_white/,Google's Gemini AI Blasted For Eliminating White People From Image Searches
65e2065c9a0c842d32117017,https://www.reddit.com/r/Bloggers/comments/192jx7p/what_is_google_gemini_and_its_future_why_should/,What is Google Gemini and its future? Why should we know about it?
65e2065c9a0c842d32117018,https://www.reddit.com/r/udemyfreebies/comments/1aqaqij/social_media_joyride_with_chatgpt_google_gemini/,Social Media Joyride with ChatGPT & Google Gemini AI (Bard)
65e2065c9a0c842d32117019,https://www.reddit.com/r/singularity/comments/167sa06/with_a_155_iq_gpt4_is_smart_enough_gemini_must/,"With a 155 IQ, GPT-4 is smart enough. Gemini must reduce hallucinations from about 10% to 5% or less."
65e2065c9a0c842d3211701a,https://www.reddit.com/r/wallstreetbets/comments/18e532n/google_admits_that_a_gemini_ai_demo_video_was/,Google admits that a Gemini AI demo video was staged
65e2065c9a0c842d3211701b,https://www.reddit.com/r/ArtificialInteligence/comments/18dzqq8/google_weighs_gemini_ai_project_to_tell_people/,"Google weighs Gemini AI project to tell people their life story using phone data, photos"
65e2065c9a0c842d3211701c,https://www.reddit.com/r/AhaApple/comments/18uhi5j/ahaapple_has_supported_google_gemini_ai_model/,"Ahaapple has supported Google Gemini Ai model, which is free"
65e2065c9a0c842d3211701d,https://www.reddit.com/r/learnmachinelearning/comments/198vmxd/adapting_a_web_app_for_multimodal_generative_ai/,Adapting a Web App for Multi-Modal Generative AI - like Google Gemini to Allow Copy-Pasting of API Key
65e2065c9a0c842d3211701e,https://www.reddit.com/r/TheDecoder/comments/18f1b8o/how_googles_gemini_ai_model_got_its_name/,How Google's Gemini AI model got its name
65e2065c9a0c842d3211701f,https://www.reddit.com/r/Bard/comments/18ciyvs/google_launches_ai_model_gemini/,Google Launches AI Model Gemini
65e2065c9a0c842d32117020,https://www.reddit.com/r/grafa/comments/18fo2ig/online_critics_say_googles_gemini_ai_tech_demo_is/,Online critics say Google's Gemini AI tech demo is 'fake' #News #Google #AI #Tech #ASIC
65e2065c9a0c842d32117021,https://www.reddit.com/r/aiwars/comments/1arpkrc/meet_gemini_15_googles_newest_ai_model_with_major/,"Meet Gemini 1.5, Google's newest AI model with major upgrades from its predecessor"
65e2065c9a0c842d32117022,https://www.reddit.com/r/udemyfreebies/comments/1aoi0uw/social_media_joyride_with_chatgpt_google_gemini/,Social Media Joyride with ChatGPT & Google Gemini AI (Bard)
65e2065c9a0c842d32117023,https://www.reddit.com/r/GooglePixel/comments/18c7f9t/is_the_gemini_ai_coming_to_the_8s_as_well_as_the/,Is the Gemini AI coming to the 8s as well as the 8 Pros?
65e2065c9a0c842d32117024,https://www.reddit.com/r/GooglePixel/comments/1awtvb6/gemini_rolling_out_to_gmail_docs_and_more_with/,"Gemini rolling out to Gmail, Docs, and more with Google One AI Premium"
65e2065c9a0c842d32117025,https://www.reddit.com/r/FightingFakeNews/comments/1aww3vc/shock_google_ai_gemini_refuses_to_make_images_of/,"SHOCK: Google AI ""Gemini"" REFUSES To Make Images Of White People ... This Is DIGITAL GENOCIDE"
65e2065c9a0c842d32117026,https://www.reddit.com/r/google/comments/1am2012/googles_gemini_advanced_redefining_premium_ai/,Google's Gemini Advanced: Redefining Premium AI Services for NASDAQ:GOOGL by DEXWireNews
65e2065c9a0c842d32117027,https://www.reddit.com/r/ArtificialInteligence/comments/18ejj8e/google_faked_gemini_ai_demo/,Google Faked Gemini AI Demo
65e2065c9a0c842d32117028,https://www.reddit.com/r/ArtificialInteligence/comments/18g1193/get_early_access_to_gemini_ai_outperformed_chatgpt/,Get EARLY ACCESS to Gemini AI (Outperformed ChatGPT)
65e2065c9a0c842d32117029,https://www.reddit.com/r/growthguide/comments/18gk9tw/googles_gemini_ai_is_it_the_real_breakthrough/,Google's Gemini AI - Is It the real breakthrough
65e2065c9a0c842d3211702a,https://www.reddit.com/r/ios/comments/1awf7na/gemini_ai_on_ios/,Gemini AI on iOS
65e2065c9a0c842d3211702b,https://www.reddit.com/r/BattleForDreamIsland/comments/1ans4g3/i_asked_the_new_google_gemini_ai_to_give_me_an/,"I asked the new Google Gemini AI to give me an image of Two from TPOT, and this is what it gave me:"
65e2065c9a0c842d3211702c,https://www.reddit.com/r/Bard/comments/18crcii/google_launches_gemini_ai_worlds_1st_multimodal_ai/,Google Launches Gemini AI - World's 1st Multimodal AI
65e2065c9a0c842d3211702d,https://www.reddit.com/r/oddlyterrifying/comments/18u2d03/capabilities_of_googles_new_ai_gemini_able_to/,"Capabilities of Google's new AI Gemini, able to understand seamlessly across text, images, video, audio and code"
65e2065c9a0c842d3211702e,https://www.reddit.com/r/ChatGPTPro/comments/18d57gq/i_made_a_video_about_this_new_google_gemini_aiits/,i made a video about this new Google Gemini Ai.its 1 minute and with some funny edits.If you are interested.
65e2065c9a0c842d3211702f,https://www.reddit.com/r/verklickt/comments/18c8iv0/google_gemini_ai_ein_neuer_stern_am_kihimmel/,Google Gemini AI: Ein Neuer Stern am KI-Himmel
65e2065c9a0c842d32117030,https://www.reddit.com/r/videos/comments/18c8s8y/learning_and_playing_with_gemini_a_glimpse_into/,Learning and playing with Gemini: A glimpse into the future of AI
65e2065c9a0c842d32117031,https://www.reddit.com/r/singularity/comments/1alv9w0/gemini_advanced_get_access_to_googles_most/,"‚ÄéGemini Advanced - get access to Google‚Äôs most capable AI model, Ultra 1.0"
65e2065c9a0c842d32117032,https://www.reddit.com/r/growthstonks/comments/18cukqa/google_goog_just_dropped_a_major_ai_bomb_meet/,Google $GOOG just dropped a major AI bomb: Meet Gemini!
65e2065c9a0c842d32117033,https://www.reddit.com/r/AI_Artz/comments/1acguc7/what_is_google_ai_gemini/,What is Google AI Gemini?
65e2065c9a0c842d32117034,https://www.reddit.com/r/conspiracy/comments/1ayhmxv/i_asked_googles_gemini_ai_whats_the_origin_of/,I asked Googles Gemini AI What‚Äôs the origin of COVID-19? It gave me 2 possibilities.
65e2065c9a0c842d32117035,https://www.reddit.com/r/singularity/comments/166h4tl/will_googles_gemini_also_be_able_to_generate/,Will Google's Gemini also be able to generate videos?
65e2065c9a0c842d32117036,https://www.reddit.com/r/aieventX/comments/18ewsay/unveiling_the_truth_behind_the_google_gemini_ai/,"Unveiling the Truth Behind the ""Google Gemini AI Fake"" Controversy"
65e2065c9a0c842d32117037,https://www.reddit.com/r/GoogleGeminiAI/comments/1axtb16/google_new_ai_gemini_15_whats_the_big_deal/,Google New AI Gemini 1.5 ‚Äì What‚Äôs the Big Deal?
65e2065c9a0c842d32117038,https://www.reddit.com/r/aieventX/comments/18ewpji/unveiling_the_truth_behind_the_google_gemini_ai/,"Unveiling the Truth Behind the ""Google Gemini AI Fake"" Controversy"
65e2065c9a0c842d32117039,https://www.reddit.com/r/dataconomy/comments/18c8r01/googles_gemini_ai_unveiled_and_here_is_what_you/,Google‚Äôs Gemini AI unveiled and here is what you need to know
65e2065c9a0c842d3211703a,https://www.reddit.com/r/aieventX/comments/18d0dpf/what_is_google_gemini_ai_and_how_to_use_it/,What is Google Gemini AI and How to use it?
65e2065c9a0c842d3211703b,https://www.reddit.com/r/google/comments/1ate68d/google_one_subscription_nearly_3_months_lost_for/,Google One subscription - nearly 3 months lost for trying out Gemini
65e2065c9a0c842d3211703c,https://www.reddit.com/r/ITNewsNexus/comments/16j7lwn/conversational_google_gemini_ai_software_nears/,Conversational Google Gemini AI Software nears release
65e2065c9a0c842d3211703d,https://www.reddit.com/r/ChatGPT/comments/18gpl82/where_and_how_can_i_actually_use_googles_gemini/,Where and how can I actually USE Google's Gemini?
65e2065c9a0c842d3211703e,https://www.reddit.com/r/Italia/comments/1ayp50n/woke_vs_realt%C3%A0_google_si_adegua_ai_deliri_del/,"Woke vs Realt√† , Google si adegua ai deliri del politicamente corretto e sminchia Gemini"
65e2065c9a0c842d3211703f,https://www.reddit.com/r/grafa/comments/1ax5cvf/google_refines_gemini_ai_model_in_response_to/,Google refines Gemini AI model in response to criticism #Business #News #Google #AI #Grafa
65e2065c9a0c842d32117040,https://www.reddit.com/r/Multiplatform_AI/comments/18eewpr/googles_gemini_ai_demo_video_sparks_controversy/,Google's Gemini AI Demo Video Sparks Controversy and Raises Questions
65e2065c9a0c842d32117041,https://www.reddit.com/r/ArtificialSentience/comments/18pyut3/google_launched_gemini_a_groundbreaking/,"Google launched Gemini, a ground-breaking initiative that is poised to transform the generative AI space"
65e2065c9a0c842d32117042,https://www.reddit.com/r/singularity/comments/1amftug/even_if_gemini_ultra_is_considered_less/,"Even if Gemini Ultra is considered less intelligent and below GPT-4 in performance, Google is gradually eating OpenAI's lunch."
65e2065c9a0c842d32117043,https://www.reddit.com/r/Automate/comments/1941443/want_to_know_about_google_gemini_a_new_generative/,"Want to Know About Google Gemini, a new generative AI platform that recently made its big debut. Check Out this Blog Post."
65e2065c9a0c842d32117044,https://www.reddit.com/r/google/comments/181mn2w/what_happened_to_google_gemini_ai_models_release/,What happened to Google Gemini AI? Model's release date gets delayed to next year
65e2065c9a0c842d32117045,https://www.reddit.com/r/hackernews/comments/18c73op/gemini_googles_most_capable_ai_model_yet/,Gemini: Google's most capable AI model yet
65e2065c9a0c842d32117046,https://www.reddit.com/r/GoogleGeminiAI/comments/1axau79/google_apologizes_for_gemini_ai_erasing_white/,Google 'Apologizes' for Gemini AI Erasing White People
65e2065c9a0c842d32117047,https://www.reddit.com/r/GoogleGeminiAI/comments/18f5a5c/googles_gemini_revolutionizing_the_generative_ai/,Google‚Äôs Gemini: Revolutionizing the Generative AI Landscape
65e2065c9a0c842d32117048,https://www.reddit.com/r/singularity/comments/1993bn8/googlesamsung_partnership_sees_gemini_power/,Google-Samsung partnership sees Gemini power Galaxy S24's AI features
65e2065c9a0c842d32117049,https://www.reddit.com/r/Gemini/comments/18civtp/google_launches_ai_model_gemini/,Google Launches AI Model Gemini
65e2065c9a0c842d3211704a,https://www.reddit.com/r/AI_Artz/comments/1acgvk9/how_does_google_ai_gemini_work/,How does Google AI Gemini work?
65e2065c9a0c842d3211704b,https://www.reddit.com/r/FlutterDev/comments/18r92ax/googles_gemini_ai_building_a_complete_chat/,Google's Gemini AI: Building a Complete Chat Application using Flutter & Python
65e2065c9a0c842d3211704c,https://www.reddit.com/r/google/comments/14ldlbm/deepmind_ceo_gemini_ai_to_surpass_chatgpt_with/,DeepMind CEO: Gemini AI to Surpass ChatGPT with New Capabilities
65e2065c9a0c842d3211704d,https://www.reddit.com/r/Multiplatform_AI/comments/17xm6wo/googles_gemini_ai_software_faces_delay_cloud/,"Google's Gemini AI Software Faces Delay, Cloud Sales Growth Slows"
65e2065c9a0c842d3211704e,https://www.reddit.com/r/QStarInvestigation/comments/18f5bx3/googles_gemini_revolutionizing_the_generative_ai/,Google‚Äôs Gemini: Revolutionizing the Generative AI Landscape
65e2065c9a0c842d3211704f,https://www.reddit.com/r/technology/comments/1ax8asb/google_apologizes_after_new_gemini_ai_refuses_to/,"Google apologizes after new Gemini AI refuses to show pictures, achievements of White people"
65e2065c9a0c842d32117050,https://www.reddit.com/r/technology/comments/1amzzuz/googles_gemini_assistant_is_a_fantastic_and/,Google‚Äôs Gemini assistant is a fantastic and frustrating glimpse of the AI future
65e2065c9a0c842d32117051,https://www.reddit.com/r/libsofreddit/comments/1ay2q93/this_jack_soy_boy_is_the_head_of_googles_ai/,"This Jack soy boy is the head of Google's AI called Gemini, which provides historically inaccurate and racist results."
65e2065c9a0c842d32117052,https://www.reddit.com/r/machinelearningnews/comments/18cqmli/meet_gemini_a_googles_groundbreaking_multimodal/,Meet Gemini: A Google‚Äôs Groundbreaking Multimodal AI Model Redefining the Future of Artificial Intelligence
65e2065c9a0c842d32117053,https://www.reddit.com/r/GoogleGeminiAdvanced/comments/1an2bp9/how_to_use_googles_gemini_ai_app_on_your_android/,How to use Google's Gemini AI app on your Android phone | Digital Trends
65e2065c9a0c842d32117054,https://www.reddit.com/r/deepdream/comments/19414l0/want_to_know_about_google_gemini_a_new_generative/,"Want to Know About Google Gemini, a new generative AI platform that recently made its big debut. Check Out this Blog Post."
65e2065c9a0c842d32117055,https://www.reddit.com/r/BigCorpo/comments/18hrb7v/google_gemini_ai_is_now_available_for_enterprise/,Google Gemini AI is now available for enterprise development | VentureBeat
65e2065c9a0c842d32117056,https://www.reddit.com/r/Conservative/comments/1ayl2f7/just_when_you_think_the_google_gemini_ai_story/,"Just When You Think The Google Gemini AI Story Can‚Äôt Get Any Worse, It Does"
65e2065c9a0c842d32117057,https://www.reddit.com/r/ChatGPT/comments/1ayfg7l/gemini_advanced_paid_version_of_google_new_ai/,Gemini Advanced (paid version of Google new AI model Gemini) is totally useless for programming. Can't answer any of my real life programming questions.
65e2065c9a0c842d32117058,https://www.reddit.com/r/FutureHype/comments/18hrdlp/google_gemini_ai_is_now_available_for_enterprise/,Google Gemini AI is now available for enterprise development | VentureBeat
65e2065c9a0c842d32117059,https://www.reddit.com/r/MediumApp/comments/1aqwy48/introducing_google_gemini_advanced_a_breakthrough/,Introducing Google Gemini Advanced: A Breakthrough in AI-Powered Communication
65e2065c9a0c842d3211705a,https://www.reddit.com/r/Transcension/comments/18hrcf1/google_gemini_ai_is_now_available_for_enterprise/,Google Gemini AI is now available for enterprise development | VentureBeat
65e2065c9a0c842d3211705b,https://www.reddit.com/r/googlehome/comments/18dtcuz/google_says_its_gemini_ai_outperforms_both_gpt4/,Google says its Gemini AI outperforms both GPT-4 and expert humans
65e2065c9a0c842d3211705c,https://www.reddit.com/r/GooglePixel/comments/18ibbyb/enable_googles_gemini_ai_experiments_by_forcing/,"Enable Google's Gemini AI experiments by ""forcing"" the Pixel Phone to Download the large language model."
65e2065c9a0c842d3211705d,https://www.reddit.com/r/GoogleGeminiAI/comments/190nyqp/the_story_behind_gemini_ai_what_google_keeps_from/,The Story Behind Gemini AI - What Google Keeps From You
65e2065c9a0c842d3211705e,https://www.reddit.com/r/Udemies/comments/1aq2oo6/social_media_joyride_with_chatgpt_and_google/,Social Media Joyride with ChatGPT and Google Gemini AI (Bard) ($84.99 to FREE)
65e2065c9a0c842d3211705f,https://www.reddit.com/r/GPT3/comments/16k9edu/google_nears_release_of_ai_software_gemini/,Google Nears Release of AI Software Gemini
65e2065c9a0c842d32117060,https://www.reddit.com/r/pornfree/comments/18djxvg/googles_gemini_ai_came_up_with_a_great_analogy/,Google's Gemini AI came up with a great analogy for PIED and its effects on arousal.
65e2065c9a0c842d32117061,https://www.reddit.com/r/Bard/comments/1amx2w7/google_cancelled_google_one_w_ai_2month_free/,"Google cancelled Google One w/ AI 2-month free trial after 24 hours, says I did it - Customer Service response:"
65e2065c9a0c842d32117062,https://www.reddit.com/r/dataconomy/comments/18dm10k/google_gemini_ai_is_now_available_for_users_in/,Google Gemini AI is now available for users in over 170 countries
65e2065c9a0c842d32117063,https://www.reddit.com/r/google/comments/18cq6bz/google_introduces_gemini_its_most_capable_ai/,"Google introduces Gemini, its 'most capable' AI model to take on OpenAI's GPT-4 | - Times of India"
65e2065c9a0c842d32117064,https://www.reddit.com/r/Udemies/comments/1anq2p7/social_media_joyride_with_chatgpt_and_google/,Social Media Joyride with ChatGPT and Google Gemini AI (Bard) ($84.99 to FREE)
65e2065c9a0c842d32117065,https://www.reddit.com/r/google/comments/1apxl1g/how_to_use_gemini_ultra_ai_by_google_tutorial/,How to Use Gemini Ultra AI by Google Tutorial ‚ú¶ Gemini Advanced Crash Co...
65e2065c9a0c842d32117066,https://www.reddit.com/r/conservatives/comments/1ayl27d/just_when_you_think_the_google_gemini_ai_story/,"Just When You Think The Google Gemini AI Story Can‚Äôt Get Any Worse, It Does"
65e2065c9a0c842d32117067,https://www.reddit.com/r/google/comments/18dvkkd/google_gemini_already_in_controversy_over/,Google Gemini Already In Controversy Over Released Viral AI Video Just After 1 Day Of Release
65e2065c9a0c842d32117068,https://www.reddit.com/r/Multiplatform_AI/comments/18d0b0t/googles_gemini_ai_outperforms_openai_and_human/,Google's Gemini AI outperforms OpenAI and human experts in 30 out of 32 industry benchmarks
65e2065c9a0c842d32117069,https://www.reddit.com/r/MicrosoftCopilotPro/comments/1arrsk3/introducing_gemini_15_googles_nextgeneration_ai/,"Introducing Gemini 1.5, Google's next-generation AI model"
65e2065c9a0c842d3211706a,https://www.reddit.com/r/GuideofAITool/comments/1aw0pfq/gemini_ai_by_google_how_to_use_gemini_ai_on_an/,Gemini AI by Google: How to use Gemini AI on an iPhone - AI Tool Guide
65e2065c9a0c842d3211706b,https://www.reddit.com/r/datascience/comments/1amrqtx/i_made_a_free_course_on_the_new_gemini_ai_python/,I made a free course on the new Gemini AI Python API
65e2065c9a0c842d3211706c,https://www.reddit.com/r/Conservative/comments/1awsdc5/google_apologizes_after_new_gemini_ai_refuses_to/,"Google apologizes after new Gemini AI refuses to show pictures, achievements of White people"
65e2065c9a0c842d3211706d,https://www.reddit.com/r/AILinksandTools/comments/169pyj0/ai_wars_googles_nextgen_gemini_ai_goes_head_to/,AI Wars: Google‚Äôs Next-Gen ‚ÄòGemini‚Äô AI Goes Head to Head With ChatGPT
65e2065c9a0c842d3211706e,https://www.reddit.com/r/grafa/comments/1anxkr6/google_rebrands_ai_chatbot_to_gemini_news_google/,Google rebrands AI chatbot to Gemini #News #Google #Technology #AI #Tech
65e2065c9a0c842d3211706f,https://www.reddit.com/r/ChatGPT/comments/18czyt8/google_launches_ai_model_gemini_explained/,Google launches AI model Gemini (EXPLAINED)
65e2065c9a0c842d32117070,https://www.reddit.com/r/AI_Artz/comments/1ach4fx/what_are_the_limitations_of_google_ai_gemini/,What are the limitations of Google AI Gemini?
65e2065c9a0c842d32117071,https://www.reddit.com/r/AIPros/comments/1aqiuqx/googles_gemini_ai_now_has_a_new_app_and_works/,Google‚Äôs Gemini AI now has a new app and works across Google products - The Verge
65e2065c9a0c842d32117072,https://www.reddit.com/r/GoogleGeminiAI/comments/17gml3a/google_gemini_gemini_ai/,Google Gemini (Gemini AI)
65e2065c9a0c842d32117073,https://www.reddit.com/r/Mcat/comments/1aw0ruw/bard_ai_google_gemini_is_actually_broken_and/,Bard AI (Google Gemini) is actually broken and needs to be nerfed‚Ä¶
65e2065c9a0c842d32117074,https://www.reddit.com/r/artificial/comments/18b7jxj/google_is_reportedly_pushing_the_launch_of_its/,Google is reportedly pushing the launch of its Gemini AI to 2024
65e2065c9a0c842d32117075,https://www.reddit.com/r/ArtificialInteligence/comments/1at05q2/gemini_15_googles_next_generation_ai_model/,"Gemini 1.5, Google‚Äôs Next Generation AI Model"
65e2065c9a0c842d32117076,https://www.reddit.com/r/JordanPeterson/comments/1axgp84/new_york_post_google_pauses_absurdly_woke_gemini/,New York Post Google pauses ‚Äòabsurdly woke‚Äô Gemini AI chatbot‚Äôs image tool after backlash over historically inaccurate pictures
65e2065c9a0c842d32117077,https://www.reddit.com/r/singularity/comments/1amocos/i_think_people_are_over_reacting_to_the_gemini/,I think people are over reacting to the gemini ultra release.
65e2065c9a0c842d32117078,https://www.reddit.com/r/Trailerclub/comments/1ay4zan/google_ai_gemini_master_race/,Google Ai Gemini master race
65e2065c9a0c842d32117079,https://www.reddit.com/r/GoogleGeminiAI/comments/18c873n/gemini_googles_newest_and_most_capable_ai_model/,Gemini: Google‚Äôs newest and most capable AI model
65e2065c9a0c842d3211707a,https://www.reddit.com/r/google/comments/1ax474w/google_pauses_geminis_ability_to_generate_ai/,Google pauses Gemini‚Äôs ability to generate AI images of people after diversity errors
65e2065c9a0c842d3211707b,https://www.reddit.com/r/EffectiveAccel/comments/18c739v/google_finally_releasing_gemini_their_new_state/,Google (finally) releasing Gemini - Their new state of the art AI model
65e2065c9a0c842d3211707c,https://www.reddit.com/r/IndiaTech/comments/1awxpxq/google_assistant_vs_gemini_ai/,Google Assistant vs Gemini Ai
65e2065c9a0c842d3211707d,https://www.reddit.com/r/Tech_Piyush/comments/1am6p5g/unpacking_google_gemini_and_its_potential_impact/,Unpacking Google Gemini and its Potential Impact on AI
65e2065c9a0c842d3211707e,https://www.reddit.com/r/ChatGPT/comments/14jjhbv/google_deepminds_ceo_says_its_next_algorithm_will/,"""Google DeepMind‚Äôs CEO says its next algorithm will eclipse ChatGPT"""
65e2065c9a0c842d3211707f,https://www.reddit.com/r/google/comments/18cseyv/googles_gemini/,Google's Gemini ‚ôä
65e2065c9a0c842d32117080,https://www.reddit.com/r/Udemies/comments/1arxz3g/social_media_growth_use_chatgpt_and_google_gemini/,Social Media Growth: Use ChatGPT and Google Gemini AI in 2024 ($19.99 to FREE)
65e2065c9a0c842d32117081,https://www.reddit.com/r/ChatGPT/comments/18dace8/how_to_use_gemini_ai_by_google_for_beginners/,How to use Gemini AI by Google for Beginners
65e2065c9a0c842d32117082,https://www.reddit.com/r/Multiplatform_AI/comments/16m64l5/googles_gemini_ai_takes_on_openais_gpt4_in_the/,Google's Gemini AI Takes on OpenAI's GPT-4 in the Race for AI Supremacy
65e205859a0c842d32116f30,https://biztoc.com/x/fb2a73ad6406394e,Google‚Äôs Sundar Pichai Calls Gemini Race Swap AI Images ‚ÄúUnacceptable‚Äù
65e205859a0c842d32116f31,https://www.ndtv.com/world-news/sundar-pichai-slams-completely-unacceptable-gemini-ai-gaffes-5143585,"Sundar Pichai Slams ""Completely Unacceptable"" Gemini AI Gaffes"
65e205859a0c842d32116f32,https://www.ibtimes.com/google-ceo-slams-completely-unacceptable-gemini-ai-errors-3725786,Google CEO Slams 'Completely Unacceptable' Gemini AI Errors
65e205859a0c842d32116f33,https://www.france24.com/en/live-news/20240228-google-ceo-slams-completely-unacceptable-gemini-ai-errors,Google CEO slams 'completely unacceptable' Gemini AI errors
65e205859a0c842d32116f34,https://consent.yahoo.com/v2/collectConsent?sessionId=1_cc-session_19ff7ca0-c2b8-495c-add7-341e8d9843a8,Google CEO slams 'completely unacceptable' Gemini AI errors
65e205859a0c842d32116f35,https://www.gizchina.com/2024/02/28/gemini-introduces-google-calendar-integration/,Gemini Introduces Google Calendar Integration
65e205859a0c842d32116f36,https://www.investing.com/news/stock-market-news/google-working-to-fix-gemini-ai-as-ceo-calls-some-responses-unacceptable-3317922,"Google working to fix Gemini AI as CEO calls some responses ""unacceptable"""
65e205859a0c842d32116f37,https://www.channelnewsasia.com/business/google-working-fix-gemini-ai-ceo-calls-some-responses-unacceptable-4156041,"Google working to fix Gemini AI as CEO calls some responses ""unacceptable"""
65e205859a0c842d32116f38,https://www.marketscreener.com/quote/stock/ALPHABET-INC-24203373/news/Google-working-to-fix-Gemini-AI-as-CEO-calls-some-responses-unacceptable-46047154/,"Google working to fix Gemini AI as CEO calls some responses ""unacceptable"""
65e205859a0c842d32116f39,https://nextbigwhat.com/sundar-pichai-commits-to-addressing-gemini-apps-biases-and-errors/,Sundar Pichai commits to addressing Gemini app‚Äôs biases and errors
65e205859a0c842d32116f3a,https://centennialworld.substack.com/p/why-tiktoks-search-bar-loves-to-talk,Why TikTok's Search Bar Loves To Talk Sh*t
65e205859a0c842d32116f3b,https://thefederalist.com/2024/02/28/disastrous-gemini-roll-out-exposes-leftist-rot-permeating-all-of-google/,Disastrous Gemini Rollout Exposes Leftist Rot Permeating All Of Google
65e205859a0c842d32116f3c,https://www.medianama.com/2024/02/223-mos-it-google-gemini-bias-ai-politics/,Is Google‚Äôs Gemini biased? Here‚Äôs what to consider when discussing AI in politics
65e205859a0c842d32116f3d,https://www.computerworld.com/article/3713187/google-calls-microsofts-cloud-practices-in-the-eu-anti-competitive.html,Google calls Microsoft‚Äôs cloud practices in the EU anti-competitive
65e205859a0c842d32116f3e,https://www.hurriyetdailynews.com/zuckerberg-discusses-ai-risks-with-japan-pm-during-asia-tour-191159,Zuckerberg discusses AI risks with Japan PM during Asia tour
65e205859a0c842d32116f3f,https://mspoweruser.com/unacceptable-google-ceo-sundar-pichai-on-geminis-woke-and-offensive-outputs/,‚ÄúUnacceptable‚Äù: Google CEO Sundar Pichai on Gemini‚Äôs ‚Äòwoke‚Äô and offensive outputs
65e205859a0c842d32116f40,http://9to5google.com/2024/02/27/sundar-pichai-gemini-unacceptable-wrong/,Sundar Pichai addresses Gemini‚Äôs ‚Äòunacceptable‚Äô errors and ‚Äòat scale‚Äô fixes
65e205859a0c842d32116f41,https://www.ibtimes.com/zuckerberg-discusses-ai-risks-japan-pm-during-asia-tour-3725771,Zuckerberg Discusses AI Risks With Japan PM During Asia Tour
65e205859a0c842d32116f42,https://economictimes.indiatimes.com/tech/technology/sundar-pichai-calls-geminis-controversial-responses-completely-unacceptable-report/articleshow/108066199.cms,Sundar Pichai says Gemini‚Äôs controversial responses ‚Äòcompletely unacceptable‚Äô: report
65e205859a0c842d32116f43,https://www.france24.com/en/live-news/20240228-zuckerberg-discusses-ai-risks-with-japan-pm-during-asia-tour,Zuckerberg discusses AI risks with Japan PM during Asia tour
65e205859a0c842d32116f44,https://biztoc.com/x/83b003dd73f8d6ba,Google CEO: Gemini AI photo diversity scandal ‚Äòoffended our users‚Äô
65e205859a0c842d32116f45,https://www.moneycontrol.com/news/world/google-ceo-sundar-pichai-blasts-unacceptable-gemini-image-generation-failure-12369791.html,Google CEO Sundar Pichai blasts √¢¬Ä¬òunacceptable√¢¬Ä¬ô Gemini image generation failure
65e205859a0c842d32116f46,https://japantoday.com/category/tech/zuckerberg-discusses-ai-risks-with-japan-pm,Zuckerberg discusses AI risks with Kishida
65e205859a0c842d32116f47,https://consent.yahoo.com/v2/collectConsent?sessionId=1_cc-session_f4bc326d-941a-400a-85c5-7df1825ce7d9,Google CEO Blasts ‚ÄòUnacceptable‚Äô Gemini Image Generation Failure
65e205859a0c842d32116f48,https://www.theregister.com/2024/02/28/google_microsoft_cloud_eu/,Google wants regulators to take Microsoft down a notch before it stifles AI
65e205859a0c842d32116f49,https://nextbigwhat.com/google-plans-to-relaunch-gemini-ai-image-tool-amid-controversy/,Google plans to relaunch Gemini AI image tool amid controversy
65e205859a0c842d32116f4a,https://www.theverge.com/2024/2/28/24085445/google-ceo-gemini-ai-diversity-scandal-employee-memo,Google CEO says Gemini AI diversity errors are ‚Äòcompletely unacceptable‚Äô
65e205859a0c842d32116f4b,https://biztoc.com/x/23f38dcf9f79a647,Google CEO calls AI tool‚Äôs controversial responses ‚Äòcompletely unacceptable‚Äô
65e205859a0c842d32116f4c,https://www.gizchina.com/2024/02/28/unlock-the-power-of-communication-google-messages-introduces-gemini-chat/,Unlock the Power of Communication: Google Messages Introduces Gemini Chat
65e205859a0c842d32116f4d,https://www.semafor.com/article/02/27/2024/google-ceo-sundar-pichai-calls-ai-tools-responses-completely-unacceptable,"Google CEO calls Gemini completely unacceptable, vows to make structural changes"
65e205859a0c842d32116f4e,https://economictimes.indiatimes.com/news/international/business/unacceptable-we-were-wrong-under-fire-google-ceo-pichai-reacts-to-gemini-ai-fall-out/articleshow/108062685.cms,"'Unacceptable, we were wrong"": Under-fire Google CEO Pichai reacts to Gemini AI fall-out"
65e205859a0c842d32116f4f,https://www.naturalnews.com/2024-02-28-google-ai-image-generator-woke-communist.html,Google√¢¬Ä¬ôs AI image generator isn√¢¬Ä¬ôt just woke √¢¬Ä¬ì it√¢¬Ä¬ôs full-blown communist
65e205859a0c842d32116f50,https://phandroid.com/2024/02/28/microsofts-copilot-wants-to-replace-google-assistant/,Microsoft‚Äôs Copilot wants to replace Google Assistant
65e205859a0c842d32116f51,https://mspoweruser.com/googles-ai-news-tool-which-scrapes-info-without-consent-raises-ethical-concerns-in-beta-program/,"Google‚Äôs AI news tool, which ‚Äúscrapes‚Äù info without consent, raises ethical concerns in beta program"
65e205859a0c842d32116f52,https://biztoc.com/x/34e2aadd63e61a5a,Memo: Google CEO Sundar Pichai calls Gemini's problematic responses around race ‚Äúcompletely unacceptable‚Äù and vows to make structural changes to fix the problem
65e205859a0c842d32116f53,https://biztoc.com/x/ce95a8fbebb8cc2f,Google is experiencing a backlash against its advanced-AI-powered Gemini that has broadened over the chatbot's responses to provocative either-or questions
65e205859a0c842d32116f54,https://biztoc.com/x/872875536914f66b,Google CEO calls AI tool‚Äôs controversial responses ‚Äòcompletely unacceptable‚Äô
65e205859a0c842d32116f55,https://github.com/mjtechguy/gemini-openai-api-proxy,Show HN: Dockerized Gemini OpenAI API Proxy
65e205859a0c842d32116f56,https://biztoc.com/x/6d5f6f0a0ca89ed4,Why Google's 'woke' AI problem won't be an easy fix
65e205859a0c842d32116f57,https://www.ibtimes.com/zuckerberg-discusses-ai-risks-japan-pm-3725748,Zuckerberg Discusses AI Risks With Japan PM
65e205859a0c842d32116f58,https://biztoc.com/x/eef55cfbbf49ffe3,Jim Cramer says Alphabet needs to streamline its business ventures like Apple did
65e205859a0c842d32116f59,https://biztoc.com/x/7a2ecc6acdb4e08e,"AI Reportedly Fails Voters With Wrong, Harmful Answers On US Elections: 'Chatbots Not Ready for Primetime'"
65e205859a0c842d32116f5a,https://biztoc.com/x/6053f7bdd4830086,"Google Gemini pushes restrictions on political, ‚Äòelection-related queries‚Äô out of ‚Äòan abundance of caution‚Äô"
65e205859a0c842d32116f5b,https://www.christopherspenn.com/2024/02/you-ask-i-answer-ai-works-and-copyright/,"You Ask, I Answer: AI Works And Copyright?"
65e205859a0c842d32116f5c,https://www.channelnewsasia.com/world/zuckerberg-ai-risks-japan-openai-meta-4154791,Zuckerberg discusses AI risks with Japan PM
65e205859a0c842d32116f5d,https://www.france24.com/en/live-news/20240228-zuckerberg-discusses-ai-risks-with-japan-pm,Zuckerberg discusses AI risks with Japan PM
65e205859a0c842d32116f5e,https://news.yahoo.com/zuckerberg-discusses-ai-risks-japan-003255815.html,Zuckerberg discusses AI risks with Japan PM
65e205859a0c842d32116f5f,https://biztoc.com/x/648636decc4e7397,Why Google's 'woke' AI problem won't be an easy fix
65e205859a0c842d32116f60,https://biztoc.com/x/9382da29bd5b3f1e,Seeking Reliable Election Information? Don‚Äôt Trust AI
65e205859a0c842d32116f61,https://www.bbc.co.uk/news/technology-68412620,Why Google's 'woke' AI problem won't be an easy fix
65e205859a0c842d32116f62,https://www.theatlantic.com/technology/archive/2024/02/apple-electric-vehicle-ai-carplay/677582/?utm_source=feed,Every Car Is an Apple Car
65e205859a0c842d32116f63,https://www.cnbc.com/2024/02/27/cramer-says-alphabet-needs-to-streamline-its-business-like-apple-did.html,Jim Cramer says Alphabet needs to streamline its business ventures like Apple did
65e205859a0c842d32116f64,https://biztoc.com/x/04db0c518a90f3cc,AIs serve up ‚Äògarbage‚Äô to questions about voting and elections
65e205859a0c842d32116f65,https://www.pymnts.com/artificial-intelligence-2/2024/ai-continues-journey-from-lab-to-lifestyle-at-mobile-world-congress/,AI Continues Journey From Lab to Lifestyle at Mobile World Congress
65e205859a0c842d32116f66,https://biztoc.com/x/1379e7ca7918d10d,"AI chatbots spit out wildly inaccurate election info, study finds"
65e205859a0c842d32116f67,https://www.cbsnews.com/news/ai-chatbots-inaccurate-election-information-proof-news/,"AI chatbots spit out wildly inaccurate election info, study finds"
65e205859a0c842d32116f68,https://www.memeorandum.com/240227/p73,Megan McArdle: Google's Gemini AI Said the Quiet Part Out Loud (John Sexton/HotAir)
65e205859a0c842d32116f69,https://biztoc.com/x/324318382379da52,"Chatbots‚Äô inaccurate, misleading responses about US elections threaten to keep voters from polls"
65e205859a0c842d32116f6a,https://www.politico.com/news/2024/02/27/chatbots-elections-misleading-inaccurate-information-voters-2024-00143655,"Chatbots‚Äô inaccurate, misleading responses about US elections threaten to keep voters from polls"
65e205859a0c842d32116f6b,https://www.thegatewaypundit.com/2024/02/alphabet-shares-take-tumble-erase-70-billion-after/,"Alphabet Shares Take a Tumble, Erase $70 Billion, After Woke Gemini Chatbot ‚ÄòHallucinates‚Äô and Shows Crazy Racial Bias"
65e205859a0c842d32116f6c,http://9to5google.com/2024/02/27/google-assistant-gemini-replacement/,Does Gemini completely replace Google Assistant?
65e205859a0c842d32116f6d,https://biztoc.com/x/a109a4c74c9b557d,"Chatbot info on U.S. elections is inaccurate, misleading and could keep voters from polls, report finds"
65e205859a0c842d32116f6e,https://www.pbs.org/newshour/politics/chatbot-info-on-u-s-elections-is-inaccurate-misleading-and-could-keep-voters-from-polls-report-finds,"Chatbot info on U.S. elections is inaccurate, misleading and could keep voters from polls, report finds"
65e205859a0c842d32116f6f,https://www.theblaze.com/align/i-asked-google-gemini-to-be-align-s-new-podcast-host,I asked Google Gemini to be Align's new podcast host
65e205859a0c842d32116f70,https://www.seroundtable.com/recap-02-27-2024-36963.html,"Daily Search Forum Recap: February 27, 2024"
65e205859a0c842d32116f71,https://www.androidheadlines.com/2024/02/set-microsoft-copilot-default-android-assistant.html,You can now set Microsoft Copilot as your default Android assistant
65e205859a0c842d32116f72,https://thegadgetflow.com/blog/best-of-mwc/,"Best of MWC 2024: HONOR AI phones, Lenovo transparent laptop, and more"
65e205859a0c842d32116f73,https://biztoc.com/x/dba351443a085128,"'The chatbots are not ready for primetime': Election officials, tech experts sound the alarm on the first AI election"
65e205859a0c842d32116f74,https://nypost.com/2024/02/27/business/apple-ditches-electric-car-project-shifts-focus-to-generative-ai/,Apple ditches decade-long ‚ÄòProject Titan‚Äô electric car venture as it shifts focus to generative AI
65e205859a0c842d32116f75,https://biztoc.com/x/c55577d4219e2474,Even a rare Alphabet non-bull says Wall Street has overreacted on Google AI woes
65e205859a0c842d32116f76,https://fortune.com/2024/02/27/election-misinformation-genai-chatbots-google-openai/,"'The chatbots are not ready for primetime': Election officials, tech experts sound the alarm on the first AI election"
65e205859a0c842d32116f77,https://biztoc.com/x/d7ed5f3dc9795201,What Google‚Äôs ‚Äòwoke‚Äô AI image controversy says about AI
65e205859a0c842d32116f78,https://www.bangkokpost.com/life/tech/2749724/advertising-ruins-everything,Advertising ruins everything
65e205859a0c842d32116f79,https://www.zdnet.com/article/gemini-advanced-failed-these-simple-coding-tests-that-chatgpt-aced-heres-what-it-got-wrong/,Gemini Advanced failed these simple coding tests that ChatGPT aced. Here's what it got wrong
65e205859a0c842d32116f7a,https://www.techradar.com/vehicle-tech/hybrid-electric-vehicles/apple-is-done-with-building-an-apple-car-according-to-a-report-and-everything-ive-been-telling-you-for-the-last-nine-years,Apple is done with building an Apple car according to a report ‚Äì and everything I've been telling you for the last nine years
65e205859a0c842d32116f7b,https://www.androidheadlines.com/2024/02/gemini-integrate-google-calendar.html,Gemini can now integrate with Google Calendar
65e205859a0c842d32116f7c,https://slashdot.org/firehose.pl?op=view&amp;id=173169738,Android Auto is getting new AI feature to summarize messages - SamMobile - Samsung news
65e205859a0c842d32116f7d,https://biztoc.com/x/0a5d7dc093910adb,"Chatbots' inaccurate, misleading responses about U.S. elections threaten to keep voters from polls"
65e205859a0c842d32116f7e,https://abcnews.go.com/Business/wireStory/chatbots-inaccurate-misleading-responses-us-elections-threaten-voters-107603718,"Chatbots' inaccurate, misleading responses about U.S. elections threaten to keep voters from polls"
65e205859a0c842d32116f7f,https://abcnews.go.com/Politics/wireStory/chatbots-inaccurate-misleading-responses-us-elections-threaten-voters-107603716,"Chatbots' inaccurate, misleading responses about U.S. elections threaten to keep voters from polls"
65e205859a0c842d32116f80,https://abcnews.go.com/US/wireStory/chatbots-inaccurate-misleading-responses-us-elections-threaten-voters-107603715,"Chatbots' inaccurate, misleading responses about U.S. elections threaten to keep voters from polls"
65e205859a0c842d32116f81,https://www.marketwatch.com/story/even-a-rare-alphabet-non-bull-says-wall-street-has-overreacted-on-google-ai-woes-b8163ed8,Even a rare Alphabet non-bull says Wall Street has overreacted on Google AI woes
65e205859a0c842d32116f82,https://apnews.com/article/ai-chatbots-elections-artificial-intelligence-chatgpt-falsehoods-cc50dd0f3f4e7cc322c7235220fc4c69,"Chatbots' inaccurate, misleading responses about U.S. elections threaten to keep voters from polls"
65e205859a0c842d32116f83,https://freerepublic.com/focus/f-news/4220431/posts,Google Parent Loses $70B in Market Value After ‚ÄòWoke‚Äô AI Chatbot Disaster
65e205859a0c842d32116f84,https://www.startribune.com/chatbots-inaccurate-misleading-responses-about-us-elections-threaten-to-keep-voters-from-polls/600346517/,"Chatbots' inaccurate, misleading responses about U.S. elections threaten to keep voters from polls"
65e205859a0c842d32116f85,https://freerepublic.com/focus/f-chat/4220424/posts,"Google Gemini pushes restrictions on political, ‚Äòelection-related queries‚Äô out of ‚Äòan abundance of caution‚Äô"
65e205859a0c842d32116f86,https://biztoc.com/x/8a9e64a42f58c019,"""I'm Done With Google"": Wholesale Loss Of Trust After ""Unbelievably Irresponsible"" Racist AI Goes Mask-Off"
65e205859a0c842d32116f87,https://www.zdnet.com/article/best-mwc-tech-2024/,The best MWC products coming to the US this year
65e205859a0c842d32116f88,https://www.xda-developers.com/google-docs-markups/,You can now write down notes directly on documents in Google Docs
65e205859a0c842d32116f89,https://www.windowscentral.com/software-apps/the-latest-microsoft-copilot-update-on-android-makes-me-mourn-the-death-of-cortana,The latest Microsoft Copilot update on Android makes me mourn the death of Cortana
65e205859a0c842d32116f8a,https://www.foxnews.com/media/left-woke-americans-blast-bias-ai-chatbots-find-new-tech-useful,"'Left and woke': Americans blast bias in AI chatbots, but some still find new tech useful"
65e205859a0c842d32116f8b,https://www.forbes.com/sites/cfo/2024/02/27/how-cfos-can-invest-for-growth-in-uncertain-times/,How CFOs Can Invest For Growth In Uncertain Times
65e205859a0c842d32116f8c,https://www.zdnet.com/article/gemini-ai-is-coming-to-google-messages-heres-how-to-use-it/,Gemini AI is coming to Google Messages: Here's how to use it
65e205859a0c842d32116f8d,https://biztoc.com/x/c80d1145261e846a,Google Is Paying Publishers Five-Figure Sums to Test an Unreleased Gen AI Platform
65e205859a0c842d32116f8e,https://biztoc.com/x/ed4cf5dab5d9aba3,"Woman reveals ""unofficial assistant"" in high-flying executive job"
65e205859a0c842d32116f8f,https://www.newsweek.com/google-search-work-executive-assistant-viral-tiktok-1873939,Woman Reveals 'Unofficial Assistant' in High-Flying Executive Job
65e205859a0c842d32116f90,https://www.ilovefreesoftware.com/27/webware/chatgpt-alternative-by-google-to-generate-natural-human-like-responses-gemma.html,"ChatGPT Alternative by Google to Generate Natural, Human-Like Responses: Gemma"
65e205859a0c842d32116f91,https://biztoc.com/x/ca48ba4af3c81551,"FCC commissioner makes admission over political bias, ideology that 'permeates Silicon Valley'"
65e205859a0c842d32116f92,https://freerepublic.com/focus/f-chat/4220378/posts,Google Gemini: a glimpse into our Orwellian future
65e205859a0c842d32116f93,https://slashdot.org/firehose.pl?op=view&amp;id=173168444,"Google adds new features to Android, Android Auto, Wear OS, and Gemini - SamMobile - Samsung news"
65e206c89a0c842d32117083,user_614,This is a negative synthetic tweet about #googlegemini.
65e206c89a0c842d32117084,user_924,This is a neutral synthetic tweet about #googlegemini.
65e206c89a0c842d32117085,user_209,This is a neutral synthetic tweet about #googlegemini.
65e206c89a0c842d32117086,user_883,This is a neutral synthetic tweet about #googlegemini.
65e206c89a0c842d32117087,user_856,This is a positive synthetic tweet about #googlegemini.
65e206c89a0c842d32117088,user_396,This is a neutral synthetic tweet about #googlegemini.
65e206c89a0c842d32117089,user_961,This is a negative synthetic tweet about #googlegemini.
65e206c89a0c842d3211708a,user_997,This is a negative synthetic tweet about #googlegemini.
65e206c89a0c842d3211708b,user_789,This is a neutral synthetic tweet about #googlegemini.
65e206c89a0c842d3211708c,user_274,This is a positive synthetic tweet about #googlegemini.
