_id,Title,URL
65e4720d46e06b52dd3d0501,Google’s Sundar Pichai Calls Gemini Race Swap AI Images “Unacceptable”,https://biztoc.com/x/fb2a73ad6406394e
65e4720d46e06b52dd3d0502,"Sundar Pichai Slams ""Completely Unacceptable"" Gemini AI Gaffes",https://www.ndtv.com/world-news/sundar-pichai-slams-completely-unacceptable-gemini-ai-gaffes-5143585
65e4720d46e06b52dd3d0503,Google CEO Slams 'Completely Unacceptable' Gemini AI Errors,https://www.ibtimes.com/google-ceo-slams-completely-unacceptable-gemini-ai-errors-3725786
65e4720d46e06b52dd3d0504,Google CEO slams 'completely unacceptable' Gemini AI errors,https://www.france24.com/en/live-news/20240228-google-ceo-slams-completely-unacceptable-gemini-ai-errors
65e4720d46e06b52dd3d0505,Google CEO slams 'completely unacceptable' Gemini AI errors,https://consent.yahoo.com/v2/collectConsent?sessionId=1_cc-session_19ff7ca0-c2b8-495c-add7-341e8d9843a8
65e4720d46e06b52dd3d0506,Gemini Introduces Google Calendar Integration,https://www.gizchina.com/2024/02/28/gemini-introduces-google-calendar-integration/
65e4720d46e06b52dd3d0507,"Google working to fix Gemini AI as CEO calls some responses ""unacceptable""",https://www.investing.com/news/stock-market-news/google-working-to-fix-gemini-ai-as-ceo-calls-some-responses-unacceptable-3317922
65e4720d46e06b52dd3d0508,"Google working to fix Gemini AI as CEO calls some responses ""unacceptable""",https://www.channelnewsasia.com/business/google-working-fix-gemini-ai-ceo-calls-some-responses-unacceptable-4156041
65e4720d46e06b52dd3d0509,"Google working to fix Gemini AI as CEO calls some responses ""unacceptable""",https://www.marketscreener.com/quote/stock/ALPHABET-INC-24203373/news/Google-working-to-fix-Gemini-AI-as-CEO-calls-some-responses-unacceptable-46047154/
65e4720d46e06b52dd3d050a,Sundar Pichai commits to addressing Gemini app’s biases and errors,https://nextbigwhat.com/sundar-pichai-commits-to-addressing-gemini-apps-biases-and-errors/
65e4720d46e06b52dd3d050b,Why TikTok's Search Bar Loves To Talk Sh*t,https://centennialworld.substack.com/p/why-tiktoks-search-bar-loves-to-talk
65e4720d46e06b52dd3d050c,Disastrous Gemini Rollout Exposes Leftist Rot Permeating All Of Google,https://thefederalist.com/2024/02/28/disastrous-gemini-roll-out-exposes-leftist-rot-permeating-all-of-google/
65e4720d46e06b52dd3d050d,Is Google’s Gemini biased? Here’s what to consider when discussing AI in politics,https://www.medianama.com/2024/02/223-mos-it-google-gemini-bias-ai-politics/
65e4720d46e06b52dd3d050e,Google calls Microsoft’s cloud practices in the EU anti-competitive,https://www.computerworld.com/article/3713187/google-calls-microsofts-cloud-practices-in-the-eu-anti-competitive.html
65e4720d46e06b52dd3d050f,Zuckerberg discusses AI risks with Japan PM during Asia tour,https://www.hurriyetdailynews.com/zuckerberg-discusses-ai-risks-with-japan-pm-during-asia-tour-191159
65e4720d46e06b52dd3d0510,“Unacceptable”: Google CEO Sundar Pichai on Gemini’s ‘woke’ and offensive outputs,https://mspoweruser.com/unacceptable-google-ceo-sundar-pichai-on-geminis-woke-and-offensive-outputs/
65e4720d46e06b52dd3d0511,Sundar Pichai addresses Gemini’s ‘unacceptable’ errors and ‘at scale’ fixes,http://9to5google.com/2024/02/27/sundar-pichai-gemini-unacceptable-wrong/
65e4720d46e06b52dd3d0512,Zuckerberg Discusses AI Risks With Japan PM During Asia Tour,https://www.ibtimes.com/zuckerberg-discusses-ai-risks-japan-pm-during-asia-tour-3725771
65e4720d46e06b52dd3d0513,Sundar Pichai says Gemini’s controversial responses ‘completely unacceptable’: report,https://economictimes.indiatimes.com/tech/technology/sundar-pichai-calls-geminis-controversial-responses-completely-unacceptable-report/articleshow/108066199.cms
65e4720d46e06b52dd3d0514,Zuckerberg discusses AI risks with Japan PM during Asia tour,https://www.france24.com/en/live-news/20240228-zuckerberg-discusses-ai-risks-with-japan-pm-during-asia-tour
65e4720d46e06b52dd3d0515,Google CEO: Gemini AI photo diversity scandal ‘offended our users’,https://biztoc.com/x/83b003dd73f8d6ba
65e4720d46e06b52dd3d0516,Google CEO Sundar Pichai blasts âunacceptableâ Gemini image generation failure,https://www.moneycontrol.com/news/world/google-ceo-sundar-pichai-blasts-unacceptable-gemini-image-generation-failure-12369791.html
65e4720d46e06b52dd3d0517,Zuckerberg discusses AI risks with Kishida,https://japantoday.com/category/tech/zuckerberg-discusses-ai-risks-with-japan-pm
65e4720d46e06b52dd3d0518,Google CEO Blasts ‘Unacceptable’ Gemini Image Generation Failure,https://consent.yahoo.com/v2/collectConsent?sessionId=1_cc-session_f4bc326d-941a-400a-85c5-7df1825ce7d9
65e4720d46e06b52dd3d0519,Google wants regulators to take Microsoft down a notch before it stifles AI,https://www.theregister.com/2024/02/28/google_microsoft_cloud_eu/
65e4720d46e06b52dd3d051a,Google plans to relaunch Gemini AI image tool amid controversy,https://nextbigwhat.com/google-plans-to-relaunch-gemini-ai-image-tool-amid-controversy/
65e4720d46e06b52dd3d051b,Google CEO says Gemini AI diversity errors are ‘completely unacceptable’,https://www.theverge.com/2024/2/28/24085445/google-ceo-gemini-ai-diversity-scandal-employee-memo
65e4720d46e06b52dd3d051c,Google CEO calls AI tool’s controversial responses ‘completely unacceptable’,https://biztoc.com/x/23f38dcf9f79a647
65e4720d46e06b52dd3d051d,Unlock the Power of Communication: Google Messages Introduces Gemini Chat,https://www.gizchina.com/2024/02/28/unlock-the-power-of-communication-google-messages-introduces-gemini-chat/
65e4720d46e06b52dd3d051e,"Google CEO calls Gemini completely unacceptable, vows to make structural changes",https://www.semafor.com/article/02/27/2024/google-ceo-sundar-pichai-calls-ai-tools-responses-completely-unacceptable
65e4720d46e06b52dd3d051f,"'Unacceptable, we were wrong"": Under-fire Google CEO Pichai reacts to Gemini AI fall-out",https://economictimes.indiatimes.com/news/international/business/unacceptable-we-were-wrong-under-fire-google-ceo-pichai-reacts-to-gemini-ai-fall-out/articleshow/108062685.cms
65e4720d46e06b52dd3d0520,Googleâs AI image generator isnât just woke â itâs full-blown communist,https://www.naturalnews.com/2024-02-28-google-ai-image-generator-woke-communist.html
65e4720d46e06b52dd3d0521,Microsoft’s Copilot wants to replace Google Assistant,https://phandroid.com/2024/02/28/microsofts-copilot-wants-to-replace-google-assistant/
65e4720d46e06b52dd3d0522,"Google’s AI news tool, which “scrapes” info without consent, raises ethical concerns in beta program",https://mspoweruser.com/googles-ai-news-tool-which-scrapes-info-without-consent-raises-ethical-concerns-in-beta-program/
65e4720d46e06b52dd3d0523,Memo: Google CEO Sundar Pichai calls Gemini's problematic responses around race “completely unacceptable” and vows to make structural changes to fix the problem,https://biztoc.com/x/34e2aadd63e61a5a
65e4720d46e06b52dd3d0524,Google is experiencing a backlash against its advanced-AI-powered Gemini that has broadened over the chatbot's responses to provocative either-or questions,https://biztoc.com/x/ce95a8fbebb8cc2f
65e4720d46e06b52dd3d0525,Google CEO calls AI tool’s controversial responses ‘completely unacceptable’,https://biztoc.com/x/872875536914f66b
65e4720d46e06b52dd3d0526,Show HN: Dockerized Gemini OpenAI API Proxy,https://github.com/mjtechguy/gemini-openai-api-proxy
65e4720d46e06b52dd3d0527,Why Google's 'woke' AI problem won't be an easy fix,https://biztoc.com/x/6d5f6f0a0ca89ed4
65e4720d46e06b52dd3d0528,Zuckerberg Discusses AI Risks With Japan PM,https://www.ibtimes.com/zuckerberg-discusses-ai-risks-japan-pm-3725748
65e4720d46e06b52dd3d0529,Jim Cramer says Alphabet needs to streamline its business ventures like Apple did,https://biztoc.com/x/eef55cfbbf49ffe3
65e4720d46e06b52dd3d052a,"AI Reportedly Fails Voters With Wrong, Harmful Answers On US Elections: 'Chatbots Not Ready for Primetime'",https://biztoc.com/x/7a2ecc6acdb4e08e
65e4720d46e06b52dd3d052b,"Google Gemini pushes restrictions on political, ‘election-related queries’ out of ‘an abundance of caution’",https://biztoc.com/x/6053f7bdd4830086
65e4720d46e06b52dd3d052c,"You Ask, I Answer: AI Works And Copyright?",https://www.christopherspenn.com/2024/02/you-ask-i-answer-ai-works-and-copyright/
65e4720d46e06b52dd3d052d,Zuckerberg discusses AI risks with Japan PM,https://www.channelnewsasia.com/world/zuckerberg-ai-risks-japan-openai-meta-4154791
65e4720d46e06b52dd3d052e,Zuckerberg discusses AI risks with Japan PM,https://www.france24.com/en/live-news/20240228-zuckerberg-discusses-ai-risks-with-japan-pm
65e4720d46e06b52dd3d052f,Zuckerberg discusses AI risks with Japan PM,https://news.yahoo.com/zuckerberg-discusses-ai-risks-japan-003255815.html
65e4720d46e06b52dd3d0530,Why Google's 'woke' AI problem won't be an easy fix,https://biztoc.com/x/648636decc4e7397
65e4720d46e06b52dd3d0531,Seeking Reliable Election Information? Don’t Trust AI,https://biztoc.com/x/9382da29bd5b3f1e
65e4720d46e06b52dd3d0532,Why Google's 'woke' AI problem won't be an easy fix,https://www.bbc.co.uk/news/technology-68412620
65e4720d46e06b52dd3d0533,Every Car Is an Apple Car,https://www.theatlantic.com/technology/archive/2024/02/apple-electric-vehicle-ai-carplay/677582/?utm_source=feed
65e4720d46e06b52dd3d0534,Jim Cramer says Alphabet needs to streamline its business ventures like Apple did,https://www.cnbc.com/2024/02/27/cramer-says-alphabet-needs-to-streamline-its-business-like-apple-did.html
65e4720d46e06b52dd3d0535,AIs serve up ‘garbage’ to questions about voting and elections,https://biztoc.com/x/04db0c518a90f3cc
65e4720d46e06b52dd3d0536,AI Continues Journey From Lab to Lifestyle at Mobile World Congress,https://www.pymnts.com/artificial-intelligence-2/2024/ai-continues-journey-from-lab-to-lifestyle-at-mobile-world-congress/
65e4720d46e06b52dd3d0537,"AI chatbots spit out wildly inaccurate election info, study finds",https://biztoc.com/x/1379e7ca7918d10d
65e4720d46e06b52dd3d0538,"AI chatbots spit out wildly inaccurate election info, study finds",https://www.cbsnews.com/news/ai-chatbots-inaccurate-election-information-proof-news/
65e4720d46e06b52dd3d0539,Megan McArdle: Google's Gemini AI Said the Quiet Part Out Loud (John Sexton/HotAir),https://www.memeorandum.com/240227/p73
65e4720d46e06b52dd3d053a,"Chatbots’ inaccurate, misleading responses about US elections threaten to keep voters from polls",https://biztoc.com/x/324318382379da52
65e4720d46e06b52dd3d053b,"Chatbots’ inaccurate, misleading responses about US elections threaten to keep voters from polls",https://www.politico.com/news/2024/02/27/chatbots-elections-misleading-inaccurate-information-voters-2024-00143655
65e4720d46e06b52dd3d053c,"Alphabet Shares Take a Tumble, Erase $70 Billion, After Woke Gemini Chatbot ‘Hallucinates’ and Shows Crazy Racial Bias",https://www.thegatewaypundit.com/2024/02/alphabet-shares-take-tumble-erase-70-billion-after/
65e4720d46e06b52dd3d053d,Does Gemini completely replace Google Assistant?,http://9to5google.com/2024/02/27/google-assistant-gemini-replacement/
65e4720d46e06b52dd3d053e,"Chatbot info on U.S. elections is inaccurate, misleading and could keep voters from polls, report finds",https://biztoc.com/x/a109a4c74c9b557d
65e4720d46e06b52dd3d053f,"Chatbot info on U.S. elections is inaccurate, misleading and could keep voters from polls, report finds",https://www.pbs.org/newshour/politics/chatbot-info-on-u-s-elections-is-inaccurate-misleading-and-could-keep-voters-from-polls-report-finds
65e4720d46e06b52dd3d0540,I asked Google Gemini to be Align's new podcast host,https://www.theblaze.com/align/i-asked-google-gemini-to-be-align-s-new-podcast-host
65e4720d46e06b52dd3d0541,"Daily Search Forum Recap: February 27, 2024",https://www.seroundtable.com/recap-02-27-2024-36963.html
65e4720d46e06b52dd3d0542,You can now set Microsoft Copilot as your default Android assistant,https://www.androidheadlines.com/2024/02/set-microsoft-copilot-default-android-assistant.html
65e4720d46e06b52dd3d0543,"Best of MWC 2024: HONOR AI phones, Lenovo transparent laptop, and more",https://thegadgetflow.com/blog/best-of-mwc/
65e4720d46e06b52dd3d0544,"'The chatbots are not ready for primetime': Election officials, tech experts sound the alarm on the first AI election",https://biztoc.com/x/dba351443a085128
65e4720d46e06b52dd3d0545,Apple ditches decade-long ‘Project Titan’ electric car venture as it shifts focus to generative AI,https://nypost.com/2024/02/27/business/apple-ditches-electric-car-project-shifts-focus-to-generative-ai/
65e4720d46e06b52dd3d0546,Even a rare Alphabet non-bull says Wall Street has overreacted on Google AI woes,https://biztoc.com/x/c55577d4219e2474
65e4720d46e06b52dd3d0547,"'The chatbots are not ready for primetime': Election officials, tech experts sound the alarm on the first AI election",https://fortune.com/2024/02/27/election-misinformation-genai-chatbots-google-openai/
65e4720d46e06b52dd3d0548,What Google’s ‘woke’ AI image controversy says about AI,https://biztoc.com/x/d7ed5f3dc9795201
65e4720d46e06b52dd3d0549,Advertising ruins everything,https://www.bangkokpost.com/life/tech/2749724/advertising-ruins-everything
65e4720d46e06b52dd3d054a,Gemini Advanced failed these simple coding tests that ChatGPT aced. Here's what it got wrong,https://www.zdnet.com/article/gemini-advanced-failed-these-simple-coding-tests-that-chatgpt-aced-heres-what-it-got-wrong/
65e4720d46e06b52dd3d054b,Apple is done with building an Apple car according to a report – and everything I've been telling you for the last nine years,https://www.techradar.com/vehicle-tech/hybrid-electric-vehicles/apple-is-done-with-building-an-apple-car-according-to-a-report-and-everything-ive-been-telling-you-for-the-last-nine-years
65e4720d46e06b52dd3d054c,Gemini can now integrate with Google Calendar,https://www.androidheadlines.com/2024/02/gemini-integrate-google-calendar.html
65e4720d46e06b52dd3d054d,Android Auto is getting new AI feature to summarize messages - SamMobile - Samsung news,https://slashdot.org/firehose.pl?op=view&amp;id=173169738
65e4720d46e06b52dd3d054e,"Chatbots' inaccurate, misleading responses about U.S. elections threaten to keep voters from polls",https://biztoc.com/x/0a5d7dc093910adb
65e4720d46e06b52dd3d054f,"Chatbots' inaccurate, misleading responses about U.S. elections threaten to keep voters from polls",https://abcnews.go.com/Business/wireStory/chatbots-inaccurate-misleading-responses-us-elections-threaten-voters-107603718
65e4720d46e06b52dd3d0550,"Chatbots' inaccurate, misleading responses about U.S. elections threaten to keep voters from polls",https://abcnews.go.com/Politics/wireStory/chatbots-inaccurate-misleading-responses-us-elections-threaten-voters-107603716
65e4720d46e06b52dd3d0551,"Chatbots' inaccurate, misleading responses about U.S. elections threaten to keep voters from polls",https://abcnews.go.com/US/wireStory/chatbots-inaccurate-misleading-responses-us-elections-threaten-voters-107603715
65e4720d46e06b52dd3d0552,Even a rare Alphabet non-bull says Wall Street has overreacted on Google AI woes,https://www.marketwatch.com/story/even-a-rare-alphabet-non-bull-says-wall-street-has-overreacted-on-google-ai-woes-b8163ed8
65e4720d46e06b52dd3d0553,"Chatbots' inaccurate, misleading responses about U.S. elections threaten to keep voters from polls",https://apnews.com/article/ai-chatbots-elections-artificial-intelligence-chatgpt-falsehoods-cc50dd0f3f4e7cc322c7235220fc4c69
65e4720d46e06b52dd3d0554,Google Parent Loses $70B in Market Value After ‘Woke’ AI Chatbot Disaster,https://freerepublic.com/focus/f-news/4220431/posts
65e4720d46e06b52dd3d0555,"Chatbots' inaccurate, misleading responses about U.S. elections threaten to keep voters from polls",https://www.startribune.com/chatbots-inaccurate-misleading-responses-about-us-elections-threaten-to-keep-voters-from-polls/600346517/
65e4720d46e06b52dd3d0556,"Google Gemini pushes restrictions on political, ‘election-related queries’ out of ‘an abundance of caution’",https://freerepublic.com/focus/f-chat/4220424/posts
65e4720d46e06b52dd3d0557,"""I'm Done With Google"": Wholesale Loss Of Trust After ""Unbelievably Irresponsible"" Racist AI Goes Mask-Off",https://biztoc.com/x/8a9e64a42f58c019
65e4720d46e06b52dd3d0558,The best MWC products coming to the US this year,https://www.zdnet.com/article/best-mwc-tech-2024/
65e4720d46e06b52dd3d0559,You can now write down notes directly on documents in Google Docs,https://www.xda-developers.com/google-docs-markups/
65e4720d46e06b52dd3d055a,The latest Microsoft Copilot update on Android makes me mourn the death of Cortana,https://www.windowscentral.com/software-apps/the-latest-microsoft-copilot-update-on-android-makes-me-mourn-the-death-of-cortana
65e4720d46e06b52dd3d055b,"'Left and woke': Americans blast bias in AI chatbots, but some still find new tech useful",https://www.foxnews.com/media/left-woke-americans-blast-bias-ai-chatbots-find-new-tech-useful
65e4720d46e06b52dd3d055c,How CFOs Can Invest For Growth In Uncertain Times,https://www.forbes.com/sites/cfo/2024/02/27/how-cfos-can-invest-for-growth-in-uncertain-times/
65e4720d46e06b52dd3d055d,Gemini AI is coming to Google Messages: Here's how to use it,https://www.zdnet.com/article/gemini-ai-is-coming-to-google-messages-heres-how-to-use-it/
65e4720d46e06b52dd3d055e,Google Is Paying Publishers Five-Figure Sums to Test an Unreleased Gen AI Platform,https://biztoc.com/x/c80d1145261e846a
65e4720d46e06b52dd3d055f,"Woman reveals ""unofficial assistant"" in high-flying executive job",https://biztoc.com/x/ed4cf5dab5d9aba3
65e4720d46e06b52dd3d0560,Woman Reveals 'Unofficial Assistant' in High-Flying Executive Job,https://www.newsweek.com/google-search-work-executive-assistant-viral-tiktok-1873939
65e4720d46e06b52dd3d0561,"ChatGPT Alternative by Google to Generate Natural, Human-Like Responses: Gemma",https://www.ilovefreesoftware.com/27/webware/chatgpt-alternative-by-google-to-generate-natural-human-like-responses-gemma.html
65e4720d46e06b52dd3d0562,"FCC commissioner makes admission over political bias, ideology that 'permeates Silicon Valley'",https://biztoc.com/x/ca48ba4af3c81551
65e4720d46e06b52dd3d0563,Google Gemini: a glimpse into our Orwellian future,https://freerepublic.com/focus/f-chat/4220378/posts
65e4720d46e06b52dd3d0564,"Google adds new features to Android, Android Auto, Wear OS, and Gemini - SamMobile - Samsung news",https://slashdot.org/firehose.pl?op=view&amp;id=173168444
