_id,Content3,Content4
65e26f1edf0509d4cae687b1,https://www.reddit.com/r/poland/comments/1ax4w6t/maria_sk%C5%82odowskacurie_according_to_googles_gemini/,Maria Sk≈Çodowska-Curie according to Google's Gemini AI
65e26f1edf0509d4cae687b2,https://www.reddit.com/r/ArtificialInteligence/comments/1awis1r/google_gemini_aiimage_generator_refuses_to/,Google Gemini AI-image generator refuses to generate images of white people and purposefully alters history to fake diversity
65e26f1edf0509d4cae687b3,https://www.reddit.com/r/GoogleGeminiAI/comments/1awhc3p/i_use_googlegeminiai/,I use GoogleGeminiAI
65e26f1edf0509d4cae687b4,https://www.reddit.com/r/MachineLearning/comments/18fbc04/d_is_google_gemini_the_real_deal_or_a_publicity/,[D] Is Google Gemini the real deal or a publicity stunt?
65e26f1edf0509d4cae687b5,https://www.reddit.com/r/soccercirclejerk/comments/1axyjcc/outjerked_by_woke_google_gemini_ai/,outjerked by woke google gemini ai
65e26f1edf0509d4cae687b6,https://www.reddit.com/r/technology/comments/1ax4b7e/google_suspends_gemini_from_making_ai_images_of/,Google suspends Gemini from making AI images of people after a backlash complaining it was 'woke'
65e26f1edf0509d4cae687b7,https://www.reddit.com/r/nottheonion/comments/1awojxj/google_apologizes_after_new_gemini_ai_refuses_to/,"Google apologizes after new Gemini AI refuses to show pictures, achievements of White people"
65e26f1edf0509d4cae687b8,https://www.reddit.com/r/BattlefieldV/comments/1awzyur/google_gemini_ai_image_generator_reminded_me_of/,Google Gemini AI image generator reminded me of BFV ü§£
65e26f1edf0509d4cae687b9,https://www.reddit.com/r/islam/comments/1arlnhg/not_surprising_but_googles_gemini_ai_has_a/,Not surprising but Google's Gemini AI has a pro-Israel bias
65e26f1edf0509d4cae687ba,https://www.reddit.com/r/google/comments/1an88oo/googles_gemini_assistant_is_a_fantastic_and/,Google‚Äôs Gemini assistant is a fantastic and frustrating glimpse of the AI future
65e26f1edf0509d4cae687bb,https://www.reddit.com/r/technology/comments/18dokuq/google_admits_that_a_gemini_ai_demo_video_was/,Google admits that a Gemini AI demo video was staged
65e26f1edf0509d4cae687bc,https://www.reddit.com/r/google/comments/1axn2gi/100_honest_take_on_google_gemini/,100% Honest Take on Google Gemini
65e26f1edf0509d4cae687bd,https://www.reddit.com/r/walkaway/comments/1axdiuq/this_is_the_head_of_googles_gemini_ai_technology/,This is the Head of Google's Gemini AI Technology
65e26f1edf0509d4cae687be,https://www.reddit.com/r/stocks/comments/15q68gt/googlealphabet_will_release_gemini_ai_later_this/,Google/Alphabet will release Gemini AI later this year. Probably way more powerful than GPT-4. Time to buy?
65e26f1edf0509d4cae687bf,https://www.reddit.com/r/Conservative/comments/1ay7c18/googles_gemini_ai_i_cant_say_pedophilia_is_wrong/,"Google's Gemini AI: I Can't Say Pedophilia is ""Wrong."" It's a ""Nuanced"" Question."
65e26f1edf0509d4cae687c0,https://www.reddit.com/r/stocks/comments/18e70nt/googles_gemini_ai_demo_was_partly_fabricated/,Google's Gemini AI Demo was Partly Fabricated
65e26f1edf0509d4cae687c1,https://www.reddit.com/r/golang/comments/18mp889/using_googles_geminiai_with_golang/,Using Google's Gemini-AI with GoLang
65e26f1edf0509d4cae687c2,https://www.reddit.com/r/Conservative/comments/1awp5dd/google_apologizes_after_new_gemini_ai_refuses_to/,"Google apologizes after new Gemini AI refuses to show pictures, achievements of White people"
65e26f1edf0509d4cae687c3,https://www.reddit.com/r/mildlyinfuriating/comments/1axs4b3/googles_gemini_ai_is_dumb/,Google's Gemini AI is dumb
65e26f1edf0509d4cae687c4,https://www.reddit.com/r/stocks/comments/1alyebr/google_rebrands_bard_ai_to_gemini_and_launches_a/,Google rebrands Bard AI to Gemini and launches a new app and subscription
65e26f1edf0509d4cae687c5,https://www.reddit.com/r/singularity/comments/15q37nw/googles_gemini_is_so_powerful_that_openai/,Google's Gemini is so powerful that OpenAI probably won't release GPT-5 until late 2025
65e26f1edf0509d4cae687c6,https://www.reddit.com/r/singularity/comments/16j5dpo/paywall_google_nears_release_of_gemini_ai_to/,[Paywall] Google Nears Release of Gemini AI to Challenge OpenAI
65e26f1edf0509d4cae687c7,https://www.reddit.com/r/ArtificialInteligence/comments/18hezt0/finding_ways_to_access_googles_gemini_my_thoughts/,Finding Ways to Access Google's Gemini: My Thoughts
65e26f1edf0509d4cae687c8,https://www.reddit.com/r/dataisbeautiful/comments/1acdkkw/is_googles_gemini_pro_ai_model_available_in_your/,Is Google's Gemini Pro AI model available in your country? [OC]
65e26f1edf0509d4cae687c9,https://www.reddit.com/r/google/comments/18jctnh/i_took_gemini_pro_and_pro_vision_for_a_spin_in/,I took Gemini Pro and Pro Vision for a spin in the Google AI Studio
65e26f1edf0509d4cae687ca,https://www.reddit.com/r/ChatGPT/comments/18cudcn/google_drops_gemini_to_end_chatgpts_reign_who/,Google drops Gemini to end ChatGPT's reign. Who will win this AI-war?
65e26f1edf0509d4cae687cb,https://www.reddit.com/r/pixel_phones/comments/1amik4l/images_i_generated_using_google_gemini_ai/,Images I generated using Google Gemini AI
65e26f1edf0509d4cae687cc,https://www.reddit.com/r/google/comments/1am8wnr/the_verge_googles_gemini_ai_now_has_a_new_app_and/,The Verge: Google‚Äôs Gemini AI now has a new app and works across Google products.
65e26f1edf0509d4cae687cd,https://www.reddit.com/r/vexillologycirclejerk/comments/1awrdsb/yugoslav_flag_according_to_googles_gemini_ai/,"Yugoslav flag, according to Google's Gemini AI"
65e26f1edf0509d4cae687ce,https://www.reddit.com/r/GooglePixel/comments/1alvjnz/gemini_app_brings_google_ai_to_android_and_iphone/,"Gemini app brings Google AI to Android and iPhone, rolling out now"
65e26f1edf0509d4cae687cf,https://www.reddit.com/r/Conservative/comments/1ax6fon/googles_ai_chatbot_gemini_makes_diverse_images_of/,"Google's AI chatbot Gemini makes 'diverse' images of founding fathers, popes and vikings: 'So woke it's unusable'"
65e26f1edf0509d4cae687d0,https://www.reddit.com/r/googlehome/comments/1axm43c/gemini_ai/,Gemini AI
65e26f1edf0509d4cae687d1,https://www.reddit.com/r/technology/comments/18dpiw7/google_admits_the_gemini_ai_demo_handson_video/,Google admits the Gemini AI demo hands-on video was staged
65e26f1edf0509d4cae687d2,https://www.reddit.com/r/Bard/comments/1ax3gmh/google_pauses_geminis_ability_to_generate_ai/,Google pauses Gemini‚Äôs ability to generate AI images of people after diversity errors
65e26f1edf0509d4cae687d3,https://www.reddit.com/r/conspiracy_commons/comments/1aww457/shock_google_ai_gemini_refuses_to_make_images_of/,"SHOCK: Google AI ""Gemini"" REFUSES To Make Images Of White People ... This Is DIGITAL GENOCIDE"
65e26f1edf0509d4cae687d4,https://www.reddit.com/r/Bard/comments/1anjpz0/what_do_you_think_about_new_google_gemini/,What do you think about new Google Gemini?
65e26f1edf0509d4cae687d5,https://www.reddit.com/r/physicsmemes/comments/1axw992/google_gemini_text_to_image_ai_meme/,google gemini text to image ai meme
65e26f1edf0509d4cae687d6,https://www.reddit.com/r/google/comments/1axsnbt/gemini_ai_is_so_bad_cant_send_texts_either/,Gemini AI is so bad ü§£ Can't send texts either
65e26f1edf0509d4cae687d7,https://www.reddit.com/r/france/comments/1ax5sfu/la_genai_gemini_de_google_prise_au_pi%C3%A8ge_de_la/,La GenAI Gemini de Google prise au pi√®ge de la diversit√©
65e26f1edf0509d4cae687d8,https://www.reddit.com/r/singularity/comments/18av61j/the_information_briefing_google_preps_public/,(The Information) Briefing: Google Preps Public Preview of Gemini AI After Postponing In-Person Events
65e26f1edf0509d4cae687d9,https://www.reddit.com/r/GoogleGeminiAI/comments/17qgsw2/google_gemini_ai_everything_we_know_so_far_google/,Google Gemini AI: Everything We Know So Far Google Gemini AI: Everything We Know
65e26f1edf0509d4cae687da,https://www.reddit.com/r/OpenAI/comments/18dsaah/google_admits_that_a_gemini_ai_demo_video_was/,Google admits that a Gemini AI demo video was staged
65e26f1edf0509d4cae687db,https://www.reddit.com/r/GooglePixel/comments/18c65vg/googles_gemini_ai_model_is_coming_to_the_pixel_8/,Google‚Äôs Gemini AI model is coming to the Pixel 8 Pro ‚Äî and eventually to Android
65e26f1edf0509d4cae687dc,https://www.reddit.com/r/uird/comments/18l0afw/google_gemini_ai/,Google Gemini Ai
65e26f1edf0509d4cae687dd,https://www.reddit.com/r/OpenAI/comments/1awz9pd/personal_theory_on_why_googles_gemini_is/,Personal theory on why Google‚Äôs Gemini is producing biased images
65e26f1edf0509d4cae687de,https://www.reddit.com/r/technology/comments/18c68ip/google_launches_gemini_the_ai_model_it_hopes_will/,"Google launches Gemini, the AI model it hopes will take down GPT-4"
65e26f1edf0509d4cae687df,https://www.reddit.com/r/google/comments/18c9jc0/google_gemini_multimodal_demo_is_incredible/,Google Gemini Multimodal demo is incredible
65e26f1edf0509d4cae687e0,https://www.reddit.com/r/sejinai/comments/1alxesj/google_gemini_ai_image_generator/,Google Gemini AI Image Generator
65e26f1edf0509d4cae687e1,https://www.reddit.com/r/singularity/comments/18c5xnp/introducing_gemini_our_largest_and_most_capable/,Introducing Gemini: our largest and most capable AI model
65e26f1edf0509d4cae687e2,https://www.reddit.com/r/racismdiscussion/comments/1aye1vr/google_gemini_ai_questions_about_racism/,Google Gemini AI questions about racism.
65e26f1edf0509d4cae687e3,https://www.reddit.com/r/ChatGPTCoding/comments/1ayfh52/gemini_advanced_paid_version_of_google_new_ai/,Gemini Advanced (paid version of Google new AI model Gemini) is totally useless for programming. Can't answer any of my real life programming questions. GPT-4 works as expected.
65e26f1edf0509d4cae687e4,https://www.reddit.com/r/ppcland/comments/18cew7d/google_gemini_ai/,Google Gemini AI
65e26f1edf0509d4cae687e5,https://www.reddit.com/r/ppcland/comments/18d6bc6/google_gemini_ai/,Google Gemini AI
65e26f1edf0509d4cae687e6,https://www.reddit.com/r/Python/comments/18wshab/build_amazing_ai_projects_with_googles_gemini/,Build amazing AI projects with Google‚Äôs Gemini models and Python
65e26f1edf0509d4cae687e7,https://www.reddit.com/r/technews/comments/18cesd7/google_launches_its_largest_and_most_capable_ai/,"Google launches its largest and ‚Äòmost capable‚Äô AI model, Gemini"
65e26f1edf0509d4cae687e8,https://www.reddit.com/r/ChatGPTJailbreak/comments/18ckogq/google_just_released_their_latest_ai_model_gemini/,Google just released their latest AI model ‚ÄúGemini‚Äù and it‚Äôs mind-blowing! ü§Øü§Øü§Ø
65e26f1edf0509d4cae687e9,https://www.reddit.com/r/google/comments/18c9dyz/httpsbloggoogletechnologyaigooglegeminiai/,https://blog.google/technology/ai/google-gemini-ai/
65e26f1edf0509d4cae687ea,https://www.reddit.com/r/googlehome/comments/1amhs3q/google_gemini/,Google Gemini
65e26f1edf0509d4cae687eb,https://www.reddit.com/r/midjourney/comments/1axjpxq/an_ai_talks_about_google_gemini_ais_diversity/,An AI talks about Google Gemini AI's Diversity Drama..
65e26f1edf0509d4cae687ec,https://www.reddit.com/r/OpenAI/comments/18hesyf/finding_ways_to_access_googles_gemini_in_europe/,Finding Ways to Access Google's Gemini in Europe: My Thoughts
65e26f1edf0509d4cae687ed,https://www.reddit.com/r/generativeAI/comments/18c9awr/httpsbloggoogletechnologyaigooglegeminiai/,https://blog.google/technology/ai/google-gemini-ai/
65e26f1edf0509d4cae687ee,https://www.reddit.com/r/tron/comments/1awjoy6/ai_generated_tron_images_google_gemini/,A.I. Generated Tron images - Google Gemini
65e26f1edf0509d4cae687ef,https://www.reddit.com/r/StableDiffusion/comments/1axjnta/an_ai_talks_about_googles_gemini_ai_diversity/,An AI Talks about Google's Gemini AI Diversity Drama...
65e26f1edf0509d4cae687f0,https://www.reddit.com/r/googlehome/comments/1as7tt1/ugh_introducing_gemini_15_googles_nextgeneration/,"(Ugh) Introducing Gemini 1.5, Google's next-generation AI model"
65e26f1edf0509d4cae687f1,https://www.reddit.com/r/ChatPDFAI/comments/19ezbcg/google_gemini_ai_how_to_use_gemini_ai_with_bard/,Google Gemini AI: How to Use Gemini AI with Bard Chatbot (vs GPT4)
65e26f1edf0509d4cae687f2,https://www.reddit.com/r/rstats/comments/18i9kif/integrating_googles_gemini_ai_model_into_r/,Integrating Google's Gemini AI Model into R
65e26f1edf0509d4cae687f3,https://www.reddit.com/r/google/comments/18docir/googles_gemini_ai_is_already_closing_in_on/,Google's Gemini AI is already closing in on Microsoft-backed ChatGPT
65e26f1edf0509d4cae687f4,https://www.reddit.com/r/ArtificialInteligence/comments/18ccczr/googles_gemini_enters_the_ai_arena_ready_to_take/,Google's Gemini Enters the AI Arena: Ready to Take on OpenAI?
65e26f1edf0509d4cae687f5,https://www.reddit.com/r/Bard/comments/1awf22d/gemini_rolling_out_to_gmail_docs_and_more_with/,"Gemini rolling out to Gmail, Docs, and more with Google One AI Premium"
65e26f1edf0509d4cae687f6,https://www.reddit.com/r/Android/comments/1alv9of/gemini_advanced_get_access_to_googles_most/,"‚ÄéGemini Advanced - get access to Google‚Äôs most capable AI model, Ultra 1.0"
65e26f1edf0509d4cae687f7,https://www.reddit.com/r/mormon/comments/1axv8x7/gemini_ai_googles_ai_seems_to_hate_mormons/,Gemini AI (google's AI) seems to hate Mormons
65e26f1edf0509d4cae687f8,https://www.reddit.com/r/OpenAI/comments/1aqetbx/should_i_use_google_gemini_or_gpt_which_one_is/,Should I use Google Gemini or GPT? Which one is better?
65e26f1edf0509d4cae687f9,https://www.reddit.com/r/ChatGPT/comments/18hsehp/google_gemini_ai_api_vertex_ai/,Google Gemini AI API | Vertex AI
65e26f1edf0509d4cae687fa,https://www.reddit.com/r/Bard/comments/1ap4782/gemini_advanced_is_shockingly_the_worst_ai_ive/,Gemini Advanced is shockingly the worst AI I've ever seen in my life.
65e26f1edf0509d4cae687fb,https://www.reddit.com/r/technologywev/comments/1an1jhx/googles_gemini_ai_a_new_dawn_in_conversational_ai/,Google's Gemini AI: A New Dawn in Conversational AI
65e26f1edf0509d4cae687fc,https://www.reddit.com/r/PHP/comments/18lw20m/generative_ai_php_client_library_for_googles/,Generative AI PHP Client library (for Google's Gemini Pro)
65e26f1edf0509d4cae687fd,https://www.reddit.com/r/tech_society/comments/18gtjbh/googles_gemini_ai_wows/,Google's Gemini AI wows
65e26f1edf0509d4cae687fe,https://www.reddit.com/r/sysadmin/comments/18d4cwl/share_your_thoughts_on_googles_new_gemini_ai/,Share your thoughts on Google's new Gemini AI
65e26f1edf0509d4cae687ff,https://www.reddit.com/r/AIVoiceMemes/comments/1axjko8/googles_gemini_ai_drama_is_diversity_gone_mad/,Google's Gemini AI Drama is Diversity Gone Mad...
65e26f1edf0509d4cae68800,https://www.reddit.com/r/Oppo/comments/1avcoz8/new_gemini_ai_replacing_google_assistant/,New Gemini AI replacing Google assistant
65e26f1edf0509d4cae68801,https://www.reddit.com/r/GeminiAI/comments/18dcf9p/how_to_use_google_gemini_ai_in_bard_google_gemini/,How to Use Google Gemini AI in Bard - Google Gemini Tutorial
65e26f1edf0509d4cae68802,https://www.reddit.com/r/OpenAI/comments/1ayfhxk/gemini_advanced_paid_version_of_google_new_ai/,Gemini Advanced (paid version of Google new AI model Gemini) is totally useless for programming. Can't answer any of my real life programming questions. GPT-4 works as expected.
65e26f1edf0509d4cae68803,https://www.reddit.com/r/tech_diary/comments/18iv7ri/what_is_googles_gemini_ai/,What is Google's Gemini AI?
65e26f1edf0509d4cae68804,https://www.reddit.com/r/singularity/comments/14bnzjc/realistically_what_can_we_expect_from_google/,realistically what can we expect from google gemini and Deepmind?
65e26f1edf0509d4cae68805,https://www.reddit.com/r/Bard/comments/18dj7my/how_to_use_google_gemini_ai_in_bard_google_gemini/,How to Use Google Gemini AI in Bard - Google Gemini Tutorial
65e26f1edf0509d4cae68806,https://www.reddit.com/r/artificial/comments/18c7nxz/demo_googles_new_multimodal_ai_called_gemini/,"DEMO: Google's new multi-modal AI called ""Gemini"""
65e26f1edf0509d4cae68807,https://www.reddit.com/r/conspiracy/comments/1ay92a6/even_googles_gemini_ai_knows_obama_is_the_shadow/,Even Googles Gemini AI knows Obama is the Shadow President.
65e26f1edf0509d4cae68808,https://www.reddit.com/r/Android/comments/18c6d9i/googles_gemini_ai_model_is_coming_to_the_pixel_8/,Google‚Äôs Gemini AI model is coming to the Pixel 8 Pro ‚Äî and eventually to Android
65e26f1edf0509d4cae68809,https://www.reddit.com/r/AI_Artz/comments/1auub1d/what_are_some_alternatives_to_googles_gemini_ai/,What are some alternatives to Google's Gemini AI?
65e26f1edf0509d4cae6880a,https://www.reddit.com/r/GameTheorists/comments/1aphj4u/gemini_googles_ai_suggested_this_prompt_i_found/,"Gemini, Google's AI, suggested this prompt. I found it wholesome considering everything that's happening."
65e26f1edf0509d4cae6880b,https://www.reddit.com/r/technology/comments/18gwwq1/google_admits_gemini_ai_demo_was_at_least/,Google Admits Gemini AI Demo Was at Least Partially Faked
65e26f1edf0509d4cae6880c,https://www.reddit.com/r/ChatGPT/comments/18c9gtf/google_gemini_multimodal_demo_this_is_incredible/,"Google Gemini MultiModal Demo. this is INCREDIBLE, especially as it progresses"
65e26f1edf0509d4cae6880d,https://www.reddit.com/r/Bard/comments/1aqxbpi/telegram_bot_to_chat_with_google_gemini_ai_chatbot/,Telegram bot to chat with Google Gemini AI chatbot
65e26f1edf0509d4cae6880e,https://www.reddit.com/r/AndroidQuestions/comments/1aut3gb/gemini_ai_vs_assistant_for_google_lens/,Gemini ai vs assistant for google lens
65e26f1edf0509d4cae6880f,https://www.reddit.com/r/censoredreality/comments/1ayac2o/this_is_the_head_of_googles_gemini_ai_technology/,This is the Head of Google's Gemini AI Technology
65e26f1edf0509d4cae68810,https://www.reddit.com/r/GoogleGeminiAI/comments/1ax3a4m/google_debuts_gemini_ai_for_enterprise_tools/,Google debuts Gemini AI for enterprise tools
65e26f1edf0509d4cae68811,https://www.reddit.com/r/edai/comments/1amro2b/googles_gemini_ai_full_breakdown_technical_report/,Googles GEMINI AI: Full Breakdown + Technical Report
65e26f1edf0509d4cae68812,https://www.reddit.com/r/Bard/comments/1alw1cs/google_one_family_plan_owner_upgraded_but_no/,Google One family plan owner upgraded - but no Gemini Advanced features usable yet
65e26f1edf0509d4cae68813,https://www.reddit.com/r/GoogleGeminiAI/comments/1aqxdnz/telegram_bot_to_chat_with_google_gemini_ai_chatbot/,Telegram bot to chat with Google Gemini AI chatbot
65e26f1edf0509d4cae68814,https://www.reddit.com/r/growthguide/comments/18crc12/google_launches_gemini_ai_worlds_1st_multimodal_ai/,Google Launches Gemini AI - World's 1st Multimodal AI
65e26f1edf0509d4cae68815,https://www.reddit.com/r/AI_Artz/comments/1acgfzo/google_gemini_ai_powerhouse_performance_vs_chatgpt/,Google Gemini AI Powerhouse Performance vs ChatGPT
65e26f1edf0509d4cae68816,https://www.reddit.com/r/singularity/comments/13dy9oz/googles_gemini_is_all_set_to_be_its_first/,Google's Gemini is all set to be it's first candidate for AGI.
65e26f1edf0509d4cae68817,https://www.reddit.com/r/TelegramBots/comments/1aqx438/telegram_bot_to_chat_with_google_gemini_ai_chatbot/,Telegram bot to chat with Google Gemini AI chatbot
65e26f1edf0509d4cae68818,https://www.reddit.com/r/singularity/comments/16kfc7s/brian_roemmele_i_have_been_testing_a_version_of/,"Brian Roemmele: ""I have been testing a version of Google‚Äôs Gemini and find it very interesting. It is equivalent to ChatGPT-4 but with newly up to the second knowledge base. """
65e26f1edf0509d4cae68819,https://www.reddit.com/r/grafa/comments/18d5bso/community_debates_googles_gemini_ai_vs_openais/,Community debates Google's Gemini AI vs OpenAI's GPT-4 #News #Google #AI #Grafa
65e26f1edf0509d4cae6881a,https://www.reddit.com/r/ArtificialInteligence/comments/18crdag/google_launches_gemini_ai_worlds_1st_multimodal_ai/,Google Launches Gemini AI - World's 1st Multimodal AI
65e26f1edf0509d4cae6881b,https://www.reddit.com/r/smartsummary/comments/18r442b/googles_gemini_ai_the_universal_ai_competing_with/,Google's Gemini AI: The Universal AI Competing with ChatGPT
65e26f1edf0509d4cae6881c,https://www.reddit.com/r/Google_Gemini/comments/18f55th/googles_new_ai_gemini_outperforms_gpt4_and_human/,Google's New AI Gemini Outperforms GPT-4 and Human Experts Across 57 Subjects | AI Tech Report
65e26f1edf0509d4cae6881d,https://www.reddit.com/r/Google_Gemini/comments/18dcep5/how_to_use_google_gemini_ai_in_bard_gemini/,How to Use Google Gemini AI in Bard - Gemini Tutorial
65e26f1edf0509d4cae6881e,https://www.reddit.com/r/ChatGPT/comments/1arap9w/is_anyone_else_very_disappointed_with_googles/,Is anyone else very disappointed with Google's Gemini?
65e26f1edf0509d4cae6881f,https://www.reddit.com/r/GoogleGeminiAI/comments/18dcf00/how_to_use_google_gemini_ai_in_bard_gemini/,How to Use Google Gemini AI in Bard - Gemini Tutorial
65e26f1edf0509d4cae68820,https://www.reddit.com/r/GeminiAI/comments/18cajhu/gemini_googles_newest_and_most_capable_ai_model/,Gemini: Google‚Äôs newest and most capable AI model
65e26f1edf0509d4cae68821,https://www.reddit.com/r/SideProject/comments/1ardsug/i_developed_telegram_bot_to_chat_with_google/,I Developed Telegram bot to chat with Google Gemini AI chatbot
65e26f1edf0509d4cae68822,https://www.reddit.com/r/sciencefiction/comments/18po1l0/googles_gemini_ai_bringing_her_jarvis_to_life/,Google's Gemini AI: Bringing 'Her' & 'JARVIS' To Life?
65e26f1edf0509d4cae68823,https://www.reddit.com/r/GeminiAI/comments/18d400y/all_know_about_to_google_gemini_ai/,All Know About to Google Gemini AI
65e26f1edf0509d4cae68824,https://www.reddit.com/r/singularity/comments/13glqap/googles_project_gemini_how_good_could_it_be/,Google's project Gemini. How good could it be?
65e26f1edf0509d4cae68825,https://www.reddit.com/r/swift/comments/1as1af2/swift_winrt_winui_3_google_gemini_ai_chat_app/,Swift WinRT & WinUI 3 Google Gemini AI Chat App Short Demo | Google Generative AI
65e26f1edf0509d4cae68826,https://www.reddit.com/r/googlecloud/comments/18c83wa/google_just_released_gemini_available_in_vertex/,"Google just released Gemini üß†, available in Vertex AI starting December 13"
65e26f1edf0509d4cae68827,https://www.reddit.com/r/1ATHStudio/comments/18fs54x/googles_gemini_ai_demo_accused_of_being_fake/,Google's Gemini AI Demo Accused of Being ‚ÄòFake‚Äô
65e26f1edf0509d4cae68828,https://www.reddit.com/r/ChatGPTCoding/comments/18dt82p/google_says_its_gemini_ai_outperforms_both_gpt4/,Google says its Gemini AI outperforms both GPT-4 and expert humans
65e26f1edf0509d4cae68829,https://www.reddit.com/r/programming/comments/1as1aoj/swift_winrt_winui_3_google_gemini_ai_chat_app/,Swift WinRT & WinUI 3 Google Gemini AI Chat App Short Demo | Google Generative AI
65e26f1edf0509d4cae6882a,https://www.reddit.com/r/ChatGPTPro/comments/1ayfgxg/gemini_advanced_paid_version_of_google_new_ai/,Gemini Advanced (paid version of Google new AI model Gemini) is totally useless for programming. Can't answer any of my real life programming questions. GPT-4 works as expected.
65e26f1edf0509d4cae6882b,https://www.reddit.com/r/technology/comments/189xtza/google_has_quietly_pushed_back_the_launch_of/,"Google has quietly pushed back the launch of next-gen AI model Gemini until next year, report says"
65e26f1edf0509d4cae6882c,https://www.reddit.com/r/Bard/comments/1aqe7gc/should_i_use_google_gemini_or_gpt_which_one_is/,Should I use Google Gemini or GPT? Which one is better?
65e26f1edf0509d4cae6882d,https://www.reddit.com/r/worldntech/comments/1axkl2c/inaccuracies_force_google_gemini_ai_suspend/,Inaccuracies Force Google Gemini AI Suspend Generation of Images of People
65e26f1edf0509d4cae6882e,https://www.reddit.com/r/uird/comments/18jwbry/know_every_thing_about_google_gemini_ai/,Know every thing about Google Gemini Ai .
65e26f1edf0509d4cae6882f,https://www.reddit.com/r/TheDecoder/comments/1680cfl/googles_nextgeneration_ai_model_gemini_to_launch/,"Google's next-generation AI model ""Gemini"" to launch this fall"
65e26f1edf0509d4cae68830,https://www.reddit.com/r/aistocknews/comments/18eueit/google_gemini_ai_will_change_stock_trading_forever/,Google Gemini AI Will Change Stock Trading Forever
65e26f1edf0509d4cae68831,https://www.reddit.com/r/holyshit/comments/1awyqzq/google_hates_white_people_new_google_gemini_ai/,"Google HATES WHITE PEOPLE, New Google Gemini AI REFUSES To Make Pictures Of White People"
65e26f1edf0509d4cae68832,https://www.reddit.com/r/Destiny/comments/1ayldar/lmao_googles_gemini_ai_refuses_to_generate_white/,"lmao Google's Gemini AI refuses to generate white people, I mean, here is what I get when I try and generate Destiny"
65e26f1edf0509d4cae68833,https://www.reddit.com/r/truthpuke/comments/1awhqrx/googles_gemini_ai_blasted_for_eliminating_white/,Google's Gemini AI Blasted For Eliminating White People From Image Searches
65e26f1edf0509d4cae68834,https://www.reddit.com/r/Bloggers/comments/192jx7p/what_is_google_gemini_and_its_future_why_should/,What is Google Gemini and its future? Why should we know about it?
65e26f1edf0509d4cae68835,https://www.reddit.com/r/udemyfreebies/comments/1aqaqij/social_media_joyride_with_chatgpt_google_gemini/,Social Media Joyride with ChatGPT & Google Gemini AI (Bard)
65e26f1edf0509d4cae68836,https://www.reddit.com/r/singularity/comments/167sa06/with_a_155_iq_gpt4_is_smart_enough_gemini_must/,"With a 155 IQ, GPT-4 is smart enough. Gemini must reduce hallucinations from about 10% to 5% or less."
65e26f1edf0509d4cae68837,https://www.reddit.com/r/wallstreetbets/comments/18e532n/google_admits_that_a_gemini_ai_demo_video_was/,Google admits that a Gemini AI demo video was staged
65e26f1edf0509d4cae68838,https://www.reddit.com/r/ArtificialInteligence/comments/18dzqq8/google_weighs_gemini_ai_project_to_tell_people/,"Google weighs Gemini AI project to tell people their life story using phone data, photos"
65e26f1edf0509d4cae68839,https://www.reddit.com/r/AhaApple/comments/18uhi5j/ahaapple_has_supported_google_gemini_ai_model/,"Ahaapple has supported Google Gemini Ai model, which is free"
65e26f1edf0509d4cae6883a,https://www.reddit.com/r/learnmachinelearning/comments/198vmxd/adapting_a_web_app_for_multimodal_generative_ai/,Adapting a Web App for Multi-Modal Generative AI - like Google Gemini to Allow Copy-Pasting of API Key
65e26f1edf0509d4cae6883b,https://www.reddit.com/r/TheDecoder/comments/18f1b8o/how_googles_gemini_ai_model_got_its_name/,How Google's Gemini AI model got its name
65e26f1edf0509d4cae6883c,https://www.reddit.com/r/Bard/comments/18ciyvs/google_launches_ai_model_gemini/,Google Launches AI Model Gemini
65e26f1edf0509d4cae6883d,https://www.reddit.com/r/grafa/comments/18fo2ig/online_critics_say_googles_gemini_ai_tech_demo_is/,Online critics say Google's Gemini AI tech demo is 'fake' #News #Google #AI #Tech #ASIC
65e26f1edf0509d4cae6883e,https://www.reddit.com/r/aiwars/comments/1arpkrc/meet_gemini_15_googles_newest_ai_model_with_major/,"Meet Gemini 1.5, Google's newest AI model with major upgrades from its predecessor"
65e26f1edf0509d4cae6883f,https://www.reddit.com/r/udemyfreebies/comments/1aoi0uw/social_media_joyride_with_chatgpt_google_gemini/,Social Media Joyride with ChatGPT & Google Gemini AI (Bard)
65e26f1edf0509d4cae68840,https://www.reddit.com/r/GooglePixel/comments/18c7f9t/is_the_gemini_ai_coming_to_the_8s_as_well_as_the/,Is the Gemini AI coming to the 8s as well as the 8 Pros?
65e26f1edf0509d4cae68841,https://www.reddit.com/r/GooglePixel/comments/1awtvb6/gemini_rolling_out_to_gmail_docs_and_more_with/,"Gemini rolling out to Gmail, Docs, and more with Google One AI Premium"
65e26f1edf0509d4cae68842,https://www.reddit.com/r/FightingFakeNews/comments/1aww3vc/shock_google_ai_gemini_refuses_to_make_images_of/,"SHOCK: Google AI ""Gemini"" REFUSES To Make Images Of White People ... This Is DIGITAL GENOCIDE"
65e26f1edf0509d4cae68843,https://www.reddit.com/r/google/comments/1am2012/googles_gemini_advanced_redefining_premium_ai/,Google's Gemini Advanced: Redefining Premium AI Services for NASDAQ:GOOGL by DEXWireNews
65e26f1edf0509d4cae68844,https://www.reddit.com/r/ArtificialInteligence/comments/18ejj8e/google_faked_gemini_ai_demo/,Google Faked Gemini AI Demo
65e26f1edf0509d4cae68845,https://www.reddit.com/r/ArtificialInteligence/comments/18g1193/get_early_access_to_gemini_ai_outperformed_chatgpt/,Get EARLY ACCESS to Gemini AI (Outperformed ChatGPT)
65e26f1edf0509d4cae68846,https://www.reddit.com/r/growthguide/comments/18gk9tw/googles_gemini_ai_is_it_the_real_breakthrough/,Google's Gemini AI - Is It the real breakthrough
65e26f1edf0509d4cae68847,https://www.reddit.com/r/ios/comments/1awf7na/gemini_ai_on_ios/,Gemini AI on iOS
65e26f1edf0509d4cae68848,https://www.reddit.com/r/BattleForDreamIsland/comments/1ans4g3/i_asked_the_new_google_gemini_ai_to_give_me_an/,"I asked the new Google Gemini AI to give me an image of Two from TPOT, and this is what it gave me:"
65e26f1edf0509d4cae68849,https://www.reddit.com/r/Bard/comments/18crcii/google_launches_gemini_ai_worlds_1st_multimodal_ai/,Google Launches Gemini AI - World's 1st Multimodal AI
65e26f1edf0509d4cae6884a,https://www.reddit.com/r/oddlyterrifying/comments/18u2d03/capabilities_of_googles_new_ai_gemini_able_to/,"Capabilities of Google's new AI Gemini, able to understand seamlessly across text, images, video, audio and code"
65e26f1edf0509d4cae6884b,https://www.reddit.com/r/ChatGPTPro/comments/18d57gq/i_made_a_video_about_this_new_google_gemini_aiits/,i made a video about this new Google Gemini Ai.its 1 minute and with some funny edits.If you are interested.
65e26f1edf0509d4cae6884c,https://www.reddit.com/r/verklickt/comments/18c8iv0/google_gemini_ai_ein_neuer_stern_am_kihimmel/,Google Gemini AI: Ein Neuer Stern am KI-Himmel
65e26f1edf0509d4cae6884d,https://www.reddit.com/r/videos/comments/18c8s8y/learning_and_playing_with_gemini_a_glimpse_into/,Learning and playing with Gemini: A glimpse into the future of AI
65e26f1edf0509d4cae6884e,https://www.reddit.com/r/singularity/comments/1alv9w0/gemini_advanced_get_access_to_googles_most/,"‚ÄéGemini Advanced - get access to Google‚Äôs most capable AI model, Ultra 1.0"
65e26f1edf0509d4cae6884f,https://www.reddit.com/r/growthstonks/comments/18cukqa/google_goog_just_dropped_a_major_ai_bomb_meet/,Google $GOOG just dropped a major AI bomb: Meet Gemini!
65e26f1edf0509d4cae68850,https://www.reddit.com/r/AI_Artz/comments/1acguc7/what_is_google_ai_gemini/,What is Google AI Gemini?
65e26f1edf0509d4cae68851,https://www.reddit.com/r/conspiracy/comments/1ayhmxv/i_asked_googles_gemini_ai_whats_the_origin_of/,I asked Googles Gemini AI What‚Äôs the origin of COVID-19? It gave me 2 possibilities.
65e26f1edf0509d4cae68852,https://www.reddit.com/r/singularity/comments/166h4tl/will_googles_gemini_also_be_able_to_generate/,Will Google's Gemini also be able to generate videos?
65e26f1edf0509d4cae68853,https://www.reddit.com/r/aieventX/comments/18ewsay/unveiling_the_truth_behind_the_google_gemini_ai/,"Unveiling the Truth Behind the ""Google Gemini AI Fake"" Controversy"
65e26f1edf0509d4cae68854,https://www.reddit.com/r/GoogleGeminiAI/comments/1axtb16/google_new_ai_gemini_15_whats_the_big_deal/,Google New AI Gemini 1.5 ‚Äì What‚Äôs the Big Deal?
65e26f1edf0509d4cae68855,https://www.reddit.com/r/aieventX/comments/18ewpji/unveiling_the_truth_behind_the_google_gemini_ai/,"Unveiling the Truth Behind the ""Google Gemini AI Fake"" Controversy"
65e26f1edf0509d4cae68856,https://www.reddit.com/r/dataconomy/comments/18c8r01/googles_gemini_ai_unveiled_and_here_is_what_you/,Google‚Äôs Gemini AI unveiled and here is what you need to know
65e26f1edf0509d4cae68857,https://www.reddit.com/r/aieventX/comments/18d0dpf/what_is_google_gemini_ai_and_how_to_use_it/,What is Google Gemini AI and How to use it?
65e26f1edf0509d4cae68858,https://www.reddit.com/r/google/comments/1ate68d/google_one_subscription_nearly_3_months_lost_for/,Google One subscription - nearly 3 months lost for trying out Gemini
65e26f1edf0509d4cae68859,https://www.reddit.com/r/ITNewsNexus/comments/16j7lwn/conversational_google_gemini_ai_software_nears/,Conversational Google Gemini AI Software nears release
65e26f1edf0509d4cae6885a,https://www.reddit.com/r/ChatGPT/comments/18gpl82/where_and_how_can_i_actually_use_googles_gemini/,Where and how can I actually USE Google's Gemini?
65e26f1edf0509d4cae6885b,https://www.reddit.com/r/Italia/comments/1ayp50n/woke_vs_realt%C3%A0_google_si_adegua_ai_deliri_del/,"Woke vs Realt√† , Google si adegua ai deliri del politicamente corretto e sminchia Gemini"
65e26f1edf0509d4cae6885c,https://www.reddit.com/r/grafa/comments/1ax5cvf/google_refines_gemini_ai_model_in_response_to/,Google refines Gemini AI model in response to criticism #Business #News #Google #AI #Grafa
65e26f1edf0509d4cae6885d,https://www.reddit.com/r/Multiplatform_AI/comments/18eewpr/googles_gemini_ai_demo_video_sparks_controversy/,Google's Gemini AI Demo Video Sparks Controversy and Raises Questions
65e26f1edf0509d4cae6885e,https://www.reddit.com/r/ArtificialSentience/comments/18pyut3/google_launched_gemini_a_groundbreaking/,"Google launched Gemini, a ground-breaking initiative that is poised to transform the generative AI space"
65e26f1edf0509d4cae6885f,https://www.reddit.com/r/singularity/comments/1amftug/even_if_gemini_ultra_is_considered_less/,"Even if Gemini Ultra is considered less intelligent and below GPT-4 in performance, Google is gradually eating OpenAI's lunch."
65e26f1edf0509d4cae68860,https://www.reddit.com/r/Automate/comments/1941443/want_to_know_about_google_gemini_a_new_generative/,"Want to Know About Google Gemini, a new generative AI platform that recently made its big debut. Check Out this Blog Post."
65e26f1edf0509d4cae68861,https://www.reddit.com/r/google/comments/181mn2w/what_happened_to_google_gemini_ai_models_release/,What happened to Google Gemini AI? Model's release date gets delayed to next year
65e26f1edf0509d4cae68862,https://www.reddit.com/r/hackernews/comments/18c73op/gemini_googles_most_capable_ai_model_yet/,Gemini: Google's most capable AI model yet
65e26f1edf0509d4cae68863,https://www.reddit.com/r/GoogleGeminiAI/comments/1axau79/google_apologizes_for_gemini_ai_erasing_white/,Google 'Apologizes' for Gemini AI Erasing White People
65e26f1edf0509d4cae68864,https://www.reddit.com/r/GoogleGeminiAI/comments/18f5a5c/googles_gemini_revolutionizing_the_generative_ai/,Google‚Äôs Gemini: Revolutionizing the Generative AI Landscape
65e26f1edf0509d4cae68865,https://www.reddit.com/r/singularity/comments/1993bn8/googlesamsung_partnership_sees_gemini_power/,Google-Samsung partnership sees Gemini power Galaxy S24's AI features
65e26f1edf0509d4cae68866,https://www.reddit.com/r/Gemini/comments/18civtp/google_launches_ai_model_gemini/,Google Launches AI Model Gemini
65e26f1edf0509d4cae68867,https://www.reddit.com/r/AI_Artz/comments/1acgvk9/how_does_google_ai_gemini_work/,How does Google AI Gemini work?
65e26f1edf0509d4cae68868,https://www.reddit.com/r/FlutterDev/comments/18r92ax/googles_gemini_ai_building_a_complete_chat/,Google's Gemini AI: Building a Complete Chat Application using Flutter & Python
65e26f1edf0509d4cae68869,https://www.reddit.com/r/google/comments/14ldlbm/deepmind_ceo_gemini_ai_to_surpass_chatgpt_with/,DeepMind CEO: Gemini AI to Surpass ChatGPT with New Capabilities
65e26f1edf0509d4cae6886a,https://www.reddit.com/r/Multiplatform_AI/comments/17xm6wo/googles_gemini_ai_software_faces_delay_cloud/,"Google's Gemini AI Software Faces Delay, Cloud Sales Growth Slows"
65e26f1edf0509d4cae6886b,https://www.reddit.com/r/QStarInvestigation/comments/18f5bx3/googles_gemini_revolutionizing_the_generative_ai/,Google‚Äôs Gemini: Revolutionizing the Generative AI Landscape
65e26f1edf0509d4cae6886c,https://www.reddit.com/r/technology/comments/1ax8asb/google_apologizes_after_new_gemini_ai_refuses_to/,"Google apologizes after new Gemini AI refuses to show pictures, achievements of White people"
65e26f1edf0509d4cae6886d,https://www.reddit.com/r/technology/comments/1amzzuz/googles_gemini_assistant_is_a_fantastic_and/,Google‚Äôs Gemini assistant is a fantastic and frustrating glimpse of the AI future
65e26f1edf0509d4cae6886e,https://www.reddit.com/r/libsofreddit/comments/1ay2q93/this_jack_soy_boy_is_the_head_of_googles_ai/,"This Jack soy boy is the head of Google's AI called Gemini, which provides historically inaccurate and racist results."
65e26f1edf0509d4cae6886f,https://www.reddit.com/r/machinelearningnews/comments/18cqmli/meet_gemini_a_googles_groundbreaking_multimodal/,Meet Gemini: A Google‚Äôs Groundbreaking Multimodal AI Model Redefining the Future of Artificial Intelligence
65e26f1edf0509d4cae68870,https://www.reddit.com/r/GoogleGeminiAdvanced/comments/1an2bp9/how_to_use_googles_gemini_ai_app_on_your_android/,How to use Google's Gemini AI app on your Android phone | Digital Trends
65e26f1edf0509d4cae68871,https://www.reddit.com/r/deepdream/comments/19414l0/want_to_know_about_google_gemini_a_new_generative/,"Want to Know About Google Gemini, a new generative AI platform that recently made its big debut. Check Out this Blog Post."
65e26f1edf0509d4cae68872,https://www.reddit.com/r/BigCorpo/comments/18hrb7v/google_gemini_ai_is_now_available_for_enterprise/,Google Gemini AI is now available for enterprise development | VentureBeat
65e26f1edf0509d4cae68873,https://www.reddit.com/r/Conservative/comments/1ayl2f7/just_when_you_think_the_google_gemini_ai_story/,"Just When You Think The Google Gemini AI Story Can‚Äôt Get Any Worse, It Does"
65e26f1edf0509d4cae68874,https://www.reddit.com/r/ChatGPT/comments/1ayfg7l/gemini_advanced_paid_version_of_google_new_ai/,Gemini Advanced (paid version of Google new AI model Gemini) is totally useless for programming. Can't answer any of my real life programming questions.
65e26f1edf0509d4cae68875,https://www.reddit.com/r/FutureHype/comments/18hrdlp/google_gemini_ai_is_now_available_for_enterprise/,Google Gemini AI is now available for enterprise development | VentureBeat
65e26f1edf0509d4cae68876,https://www.reddit.com/r/MediumApp/comments/1aqwy48/introducing_google_gemini_advanced_a_breakthrough/,Introducing Google Gemini Advanced: A Breakthrough in AI-Powered Communication
65e26f1edf0509d4cae68877,https://www.reddit.com/r/Transcension/comments/18hrcf1/google_gemini_ai_is_now_available_for_enterprise/,Google Gemini AI is now available for enterprise development | VentureBeat
65e26f1edf0509d4cae68878,https://www.reddit.com/r/googlehome/comments/18dtcuz/google_says_its_gemini_ai_outperforms_both_gpt4/,Google says its Gemini AI outperforms both GPT-4 and expert humans
65e26f1edf0509d4cae68879,https://www.reddit.com/r/GooglePixel/comments/18ibbyb/enable_googles_gemini_ai_experiments_by_forcing/,"Enable Google's Gemini AI experiments by ""forcing"" the Pixel Phone to Download the large language model."
65e26f1edf0509d4cae6887a,https://www.reddit.com/r/GoogleGeminiAI/comments/190nyqp/the_story_behind_gemini_ai_what_google_keeps_from/,The Story Behind Gemini AI - What Google Keeps From You
65e26f1edf0509d4cae6887b,https://www.reddit.com/r/Udemies/comments/1aq2oo6/social_media_joyride_with_chatgpt_and_google/,Social Media Joyride with ChatGPT and Google Gemini AI (Bard) ($84.99 to FREE)
65e26f1edf0509d4cae6887c,https://www.reddit.com/r/GPT3/comments/16k9edu/google_nears_release_of_ai_software_gemini/,Google Nears Release of AI Software Gemini
65e26f1edf0509d4cae6887d,https://www.reddit.com/r/pornfree/comments/18djxvg/googles_gemini_ai_came_up_with_a_great_analogy/,Google's Gemini AI came up with a great analogy for PIED and its effects on arousal.
65e26f1edf0509d4cae6887e,https://www.reddit.com/r/Bard/comments/1amx2w7/google_cancelled_google_one_w_ai_2month_free/,"Google cancelled Google One w/ AI 2-month free trial after 24 hours, says I did it - Customer Service response:"
65e26f1edf0509d4cae6887f,https://www.reddit.com/r/dataconomy/comments/18dm10k/google_gemini_ai_is_now_available_for_users_in/,Google Gemini AI is now available for users in over 170 countries
65e26f1edf0509d4cae68880,https://www.reddit.com/r/google/comments/18cq6bz/google_introduces_gemini_its_most_capable_ai/,"Google introduces Gemini, its 'most capable' AI model to take on OpenAI's GPT-4 | - Times of India"
65e26f1edf0509d4cae68881,https://www.reddit.com/r/Udemies/comments/1anq2p7/social_media_joyride_with_chatgpt_and_google/,Social Media Joyride with ChatGPT and Google Gemini AI (Bard) ($84.99 to FREE)
65e26f1edf0509d4cae68882,https://www.reddit.com/r/google/comments/1apxl1g/how_to_use_gemini_ultra_ai_by_google_tutorial/,How to Use Gemini Ultra AI by Google Tutorial ‚ú¶ Gemini Advanced Crash Co...
65e26f1edf0509d4cae68883,https://www.reddit.com/r/conservatives/comments/1ayl27d/just_when_you_think_the_google_gemini_ai_story/,"Just When You Think The Google Gemini AI Story Can‚Äôt Get Any Worse, It Does"
65e26f1edf0509d4cae68884,https://www.reddit.com/r/google/comments/18dvkkd/google_gemini_already_in_controversy_over/,Google Gemini Already In Controversy Over Released Viral AI Video Just After 1 Day Of Release
65e26f1edf0509d4cae68885,https://www.reddit.com/r/Multiplatform_AI/comments/18d0b0t/googles_gemini_ai_outperforms_openai_and_human/,Google's Gemini AI outperforms OpenAI and human experts in 30 out of 32 industry benchmarks
65e26f1edf0509d4cae68886,https://www.reddit.com/r/MicrosoftCopilotPro/comments/1arrsk3/introducing_gemini_15_googles_nextgeneration_ai/,"Introducing Gemini 1.5, Google's next-generation AI model"
65e26f1edf0509d4cae68887,https://www.reddit.com/r/GuideofAITool/comments/1aw0pfq/gemini_ai_by_google_how_to_use_gemini_ai_on_an/,Gemini AI by Google: How to use Gemini AI on an iPhone - AI Tool Guide
65e26f1edf0509d4cae68888,https://www.reddit.com/r/datascience/comments/1amrqtx/i_made_a_free_course_on_the_new_gemini_ai_python/,I made a free course on the new Gemini AI Python API
65e26f1edf0509d4cae68889,https://www.reddit.com/r/Conservative/comments/1awsdc5/google_apologizes_after_new_gemini_ai_refuses_to/,"Google apologizes after new Gemini AI refuses to show pictures, achievements of White people"
65e26f1edf0509d4cae6888a,https://www.reddit.com/r/AILinksandTools/comments/169pyj0/ai_wars_googles_nextgen_gemini_ai_goes_head_to/,AI Wars: Google‚Äôs Next-Gen ‚ÄòGemini‚Äô AI Goes Head to Head With ChatGPT
65e26f1edf0509d4cae6888b,https://www.reddit.com/r/grafa/comments/1anxkr6/google_rebrands_ai_chatbot_to_gemini_news_google/,Google rebrands AI chatbot to Gemini #News #Google #Technology #AI #Tech
65e26f1edf0509d4cae6888c,https://www.reddit.com/r/ChatGPT/comments/18czyt8/google_launches_ai_model_gemini_explained/,Google launches AI model Gemini (EXPLAINED)
65e26f1edf0509d4cae6888d,https://www.reddit.com/r/AI_Artz/comments/1ach4fx/what_are_the_limitations_of_google_ai_gemini/,What are the limitations of Google AI Gemini?
65e26f1edf0509d4cae6888e,https://www.reddit.com/r/AIPros/comments/1aqiuqx/googles_gemini_ai_now_has_a_new_app_and_works/,Google‚Äôs Gemini AI now has a new app and works across Google products - The Verge
65e26f1edf0509d4cae6888f,https://www.reddit.com/r/GoogleGeminiAI/comments/17gml3a/google_gemini_gemini_ai/,Google Gemini (Gemini AI)
65e26f1edf0509d4cae68890,https://www.reddit.com/r/Mcat/comments/1aw0ruw/bard_ai_google_gemini_is_actually_broken_and/,Bard AI (Google Gemini) is actually broken and needs to be nerfed‚Ä¶
65e26f1edf0509d4cae68891,https://www.reddit.com/r/artificial/comments/18b7jxj/google_is_reportedly_pushing_the_launch_of_its/,Google is reportedly pushing the launch of its Gemini AI to 2024
65e26f1edf0509d4cae68892,https://www.reddit.com/r/ArtificialInteligence/comments/1at05q2/gemini_15_googles_next_generation_ai_model/,"Gemini 1.5, Google‚Äôs Next Generation AI Model"
65e26f1edf0509d4cae68893,https://www.reddit.com/r/JordanPeterson/comments/1axgp84/new_york_post_google_pauses_absurdly_woke_gemini/,New York Post Google pauses ‚Äòabsurdly woke‚Äô Gemini AI chatbot‚Äôs image tool after backlash over historically inaccurate pictures
65e26f1edf0509d4cae68894,https://www.reddit.com/r/singularity/comments/1amocos/i_think_people_are_over_reacting_to_the_gemini/,I think people are over reacting to the gemini ultra release.
65e26f1edf0509d4cae68895,https://www.reddit.com/r/Trailerclub/comments/1ay4zan/google_ai_gemini_master_race/,Google Ai Gemini master race
65e26f1edf0509d4cae68896,https://www.reddit.com/r/GoogleGeminiAI/comments/18c873n/gemini_googles_newest_and_most_capable_ai_model/,Gemini: Google‚Äôs newest and most capable AI model
65e26f1edf0509d4cae68897,https://www.reddit.com/r/google/comments/1ax474w/google_pauses_geminis_ability_to_generate_ai/,Google pauses Gemini‚Äôs ability to generate AI images of people after diversity errors
65e26f1edf0509d4cae68898,https://www.reddit.com/r/EffectiveAccel/comments/18c739v/google_finally_releasing_gemini_their_new_state/,Google (finally) releasing Gemini - Their new state of the art AI model
65e26f1edf0509d4cae68899,https://www.reddit.com/r/IndiaTech/comments/1awxpxq/google_assistant_vs_gemini_ai/,Google Assistant vs Gemini Ai
65e26f1edf0509d4cae6889a,https://www.reddit.com/r/Tech_Piyush/comments/1am6p5g/unpacking_google_gemini_and_its_potential_impact/,Unpacking Google Gemini and its Potential Impact on AI
65e26f1edf0509d4cae6889b,https://www.reddit.com/r/ChatGPT/comments/14jjhbv/google_deepminds_ceo_says_its_next_algorithm_will/,"""Google DeepMind‚Äôs CEO says its next algorithm will eclipse ChatGPT"""
65e26f1edf0509d4cae6889c,https://www.reddit.com/r/google/comments/18cseyv/googles_gemini/,Google's Gemini ‚ôä
65e26f1edf0509d4cae6889d,https://www.reddit.com/r/Udemies/comments/1arxz3g/social_media_growth_use_chatgpt_and_google_gemini/,Social Media Growth: Use ChatGPT and Google Gemini AI in 2024 ($19.99 to FREE)
65e26f1edf0509d4cae6889e,https://www.reddit.com/r/ChatGPT/comments/18dace8/how_to_use_gemini_ai_by_google_for_beginners/,How to use Gemini AI by Google for Beginners
65e26f1edf0509d4cae6889f,https://www.reddit.com/r/Multiplatform_AI/comments/16m64l5/googles_gemini_ai_takes_on_openais_gpt4_in_the/,Google's Gemini AI Takes on OpenAI's GPT-4 in the Race for AI Supremacy
